Word,PoS,GermaNet_fields
Leben,nomen,natPhaenomen
scheinen,verben,natPhaenomen
fallen,verben,natPhaenomen
Welt,nomen,natPhaenomen
ziehen,verben,natPhaenomen
Land,nomen,natGegenstand
Licht,nomen,natPhaenomen
Tod,nomen,natPhaenomen
Erde,nomen,natGegenstand
Pferd,nomen,Tier
Arbeit,nomen,natPhaenomen
Grund,nomen,natGegenstand
Boden,nomen,natGegenstand
spielen,verben,natPhaenomen
Zug,nomen,natPhaenomen
Ton,nomen,natPhaenomen natGegenstand
Kraft,nomen,natPhaenomen
Luft,nomen,natPhaenomen
Sonne,nomen,natPhaenomen
Baum,nomen,Pflanze
Natur,nomen,natGegenstand
klar,adj,natPhaenomen
Feuer,nomen,natPhaenomen
Wand,nomen,natGegenstand
Hund,nomen,Tier
frisch,adj,natPhaenomen
Wein,nomen,Pflanze
Stein,nomen,natGegenstand Pflanze
Schicksal,nomen,natPhaenomen
Tier,nomen,Tier
Schatten,nomen,natPhaenomen
Wind,nomen,natPhaenomen
sinken,verben,natPhaenomen
Blatt,nomen,Pflanze
Hut,nomen,Pflanze
Blume,nomen,Pflanze
Soldat,nomen,Tier
brennen,verben,natPhaenomen
streng,adj,natPhaenomen
Schlag,nomen,natPhaenomen
heiter,adj,natPhaenomen
leuchten,verben,natPhaenomen
Lager,nomen,natGegenstand
Vogel,nomen,Tier
Sturm,nomen,natPhaenomen
Wolke,nomen,natPhaenomen
Schein,nomen,natPhaenomen
Schnee,nomen,natPhaenomen
Tiefe,nomen,natPhaenomen
Flamme,nomen,natPhaenomen
Strom,nomen,natPhaenomen
Wetter,nomen,natPhaenomen
mild,adj,natPhaenomen
Stamm,nomen,Pflanze
Moment,nomen,natPhaenomen
Rose,nomen,Pflanze
Holz,nomen,natGegenstand
Ei,nomen,Tier
Regen,nomen,natPhaenomen
Mark,nomen,Pflanze
wehen,verben,natPhaenomen
Nebel,nomen,natPhaenomen
Zufall,nomen,natPhaenomen
trocken,adj,natPhaenomen
Gras,nomen,Pflanze
Felsen,nomen,natGegenstand
versinken,verben,natPhaenomen
Fahrt,nomen,natPhaenomen
Welle,nomen,natPhaenomen
Stock,nomen,Pflanze
rollen,verben,natPhaenomen
Blitz,nomen,natPhaenomen
glänzen,verben,natPhaenomen
Zweig,nomen,Pflanze
Kaffee,nomen,Pflanze
Geräusch,nomen,natPhaenomen
feucht,adj,natPhaenomen
Frucht,nomen,Pflanze
Dunkel,nomen,natPhaenomen
Busch,nomen,Pflanze
Schleier,nomen,natPhaenomen
blasen,verben,natPhaenomen
Klang,nomen,natPhaenomen
Sand,nomen,natGegenstand
Einfluss,nomen,natPhaenomen
blitzen,verben,natPhaenomen
Strahl,nomen,natPhaenomen
einfallen,verben,natPhaenomen
Fisch,nomen,Tier
Sekunde,nomen,natPhaenomen
nass,adj,natPhaenomen
Dämmerung,nomen,natPhaenomen
Katze,nomen,Tier
Flut,nomen,natPhaenomen
Ross,nomen,Tier
rauchen,verben,natPhaenomen
Kuh,nomen,Tier
Blüte,nomen,natPhaenomen Pflanze
Dunkelheit,nomen,natPhaenomen
Druck,nomen,natPhaenomen
schimmern,verben,natPhaenomen
wüst,adj,natPhaenomen
Räuber,nomen,Tier
Bau,nomen,natGegenstand
stürmen,verben,natPhaenomen
Glut,nomen,natPhaenomen
Kälte,nomen,natPhaenomen
Buche,nomen,natGegenstand Pflanze
strahlend,adj,natPhaenomen
Schlange,nomen,Tier
Widerstand,nomen,natPhaenomen
Brett,nomen,natGegenstand
stürmisch,adj,natPhaenomen
aufgehen,verben,natPhaenomen
Milch,nomen,Pflanze
blühend,adj,natPhaenomen
Bär,nomen,Tier
Esel,nomen,Tier
Spannung,nomen,natPhaenomen
glühen,verben,natPhaenomen
verbrennen,verben,natPhaenomen
strahlen,verben,natPhaenomen
Falte,nomen,natGegenstand
kahl,adj,natPhaenomen
stechen,verben,natPhaenomen
Gebüsch,nomen,Pflanze
Donner,nomen,natPhaenomen
Nerv,nomen,Pflanze
Wärme,nomen,natPhaenomen
Löwe,nomen,Tier
Finsternis,nomen,natPhaenomen
aufschlagen,verben,natPhaenomen
Hitze,nomen,natPhaenomen
flach,adj,natPhaenomen
gießen,verben,natPhaenomen
Hauch,nomen,natPhaenomen
dürr,adj,natPhaenomen
Sonnenschein,nomen,natPhaenomen
funkeln,verben,natPhaenomen
Vieh,nomen,Tier
Beute,nomen,Tier
öde,adj,natPhaenomen
Heide,nomen,Pflanze
Einfall,nomen,natPhaenomen
Becher,nomen,Pflanze
Ast,nomen,Pflanze
Geburt,nomen,natPhaenomen
üppig,adj,natPhaenomen
tauen,verben,natPhaenomen
Wolf,nomen,Tier
Gewitter,nomen,natPhaenomen
Nest,nomen,natGegenstand
sonnig,adj,natPhaenomen
winden,verben,natPhaenomen
anzünden,verben,natPhaenomen
Wurzel,nomen,Pflanze
Sterben,nomen,natPhaenomen
Woge,nomen,natPhaenomen
Bock,nomen,Tier
Gaul,nomen,Tier
Zelle,nomen,natPhaenomen
Taube,nomen,Tier
Schauer,nomen,natPhaenomen
Hahn,nomen,Tier
Eiche,nomen,natGegenstand Pflanze
Fuchs,nomen,Tier
Tanne,nomen,Pflanze
Huhn,nomen,Tier
ausbrechen,verben,natPhaenomen
brausen,verben,natPhaenomen
regnen,verben,natPhaenomen
Korn,nomen,Pflanze
krachen,verben,natPhaenomen
Hirsch,nomen,Tier
Verderben,nomen,natPhaenomen
Fliege,nomen,Tier
untergehen,verben,natPhaenomen
Maus,nomen,Tier
Schale,nomen,Pflanze
Pflanze,nomen,Pflanze
Weide,nomen,natGegenstand Pflanze
Perle,nomen,natGegenstand
Wild,nomen,Tier
Schaf,nomen,Tier
Apfel,nomen,Pflanze
beleuchten,verben,natPhaenomen
überkommen,verben,natPhaenomen
Tun,nomen,Tier
donnern,verben,natPhaenomen
Täuschung,nomen,natPhaenomen
Sonnenstrahl,nomen,natPhaenomen
Wipfel,nomen,Pflanze
Hase,nomen,Tier
Puppe,nomen,Tier
schwül,adj,natPhaenomen
Affe,nomen,Tier
System,nomen,natPhaenomen
Moos,nomen,Pflanze
blenden,verben,natPhaenomen
Trieb,nomen,Pflanze
Brand,nomen,natPhaenomen
frieren,verben,natPhaenomen
Köpfchen,nomen,Pflanze
flammen,verben,natPhaenomen
drückend,adj,natPhaenomen
Kohle,nomen,natGegenstand
Stroh,nomen,natGegenstand
Dunst,nomen,natPhaenomen
Tau,nomen,natPhaenomen
Nadel,nomen,Pflanze
erleuchten,verben,natPhaenomen
Gans,nomen,Tier
entzünden,verben,natPhaenomen
spiegeln,verben,natPhaenomen
Kraut,nomen,Pflanze
Schwein,nomen,Tier
erhellen,verben,natPhaenomen
dämmern,verben,natPhaenomen
Sekretär,nomen,Tier
Hecke,nomen,Pflanze
Energie,nomen,natPhaenomen
Regung,nomen,natPhaenomen
Schmetterling,nomen,Tier
Echo,nomen,natPhaenomen
Front,nomen,natPhaenomen
Wurm,nomen,Tier
Rabe,nomen,Tier
Adler,nomen,Tier
Tabak,nomen,Pflanze
grauen,verben,natPhaenomen
Schimmel,nomen,Tier
Bestie,nomen,Tier
welk,adj,natPhaenomen
schütten,verben,natPhaenomen
Nachtigall,nomen,Tier
Rohr,nomen,Pflanze
Ungeheuer,nomen,Tier
Kartoffel,nomen,Pflanze
Hummel,nomen,Tier
aufklären,verben,natPhaenomen
Frosch,nomen,Tier
Klippe,nomen,natGegenstand
niederschlagen,verben,natPhaenomen
Ochse,nomen,Tier
Gestein,nomen,natGegenstand
Mondschein,nomen,natPhaenomen
Reh,nomen,Tier
Männchen,nomen,Tier
bedeckt,adj,natPhaenomen
knallen,verben,natPhaenomen
Nonne,nomen,Tier
Strauß,nomen,Tier
Wirbel,nomen,natPhaenomen
Linde,nomen,natGegenstand Pflanze
Palme,nomen,Pflanze
abschlagen,verben,natPhaenomen
Salz,nomen,natGegenstand
Schnelligkeit,nomen,natPhaenomen
Diamant,nomen,natGegenstand
Batterie,nomen,natPhaenomen
Krähe,nomen,Tier
Schwung,nomen,natPhaenomen
Ziege,nomen,Tier
Lamm,nomen,Tier
Frost,nomen,natPhaenomen
grollen,verben,natPhaenomen
Dorn,nomen,Pflanze
Drache,nomen,Tier
blinken,verben,natPhaenomen
Strauch,nomen,Pflanze
Halm,nomen,Pflanze
Fichte,nomen,natGegenstand Pflanze
lau,adj,natPhaenomen
Dickicht,nomen,Pflanze
Spore,nomen,Pflanze Tier
Kardinal,nomen,Tier
Felswand,nomen,natGegenstand
Mondlicht,nomen,natPhaenomen
Tageslicht,nomen,natPhaenomen
Erdboden,nomen,natGegenstand
Sonnenlicht,nomen,natPhaenomen
Ladung,nomen,natPhaenomen
Marmor,nomen,natGegenstand
Fels,nomen,natGegenstand
fruchtbar,adj,natPhaenomen
Schwalbe,nomen,Tier
Grille,nomen,Tier
anstecken,verben,natPhaenomen
zuziehen,verben,natPhaenomen
fegen,verben,natPhaenomen
Edelstein,nomen,natGegenstand
Kelch,nomen,Pflanze
prangen,verben,natPhaenomen
Baumstamm,nomen,Pflanze
Stier,nomen,Tier
Giebel,nomen,Tier
flimmern,verben,natPhaenomen
Öl,nomen,natGegenstand
schmelzen,verben,natPhaenomen
Vorsehung,nomen,natPhaenomen
Scholle,nomen,Tier
Ente,nomen,Tier
Araber,nomen,Tier
Flora,nomen,natPhaenomen Pflanze
lodern,verben,natPhaenomen
reifen,verben,natPhaenomen
spucken,verben,natPhaenomen
Ratte,nomen,Tier
Spinne,nomen,Tier
dunkeln,verben,natPhaenomen
Schenkel,nomen,Pflanze
lind,adj,natPhaenomen
Mücke,nomen,Tier
Biene,nomen,Tier
eben,adj,natPhaenomen
prallen,verben,natPhaenomen
flackern,verben,natPhaenomen
Strömung,nomen,natPhaenomen
Elefant,nomen,Tier
dampfen,verben,natPhaenomen
Blei,nomen,Tier
Narbe,nomen,Pflanze
Veilchen,nomen,Pflanze
Knospe,nomen,Pflanze
Menschenleben,nomen,natPhaenomen
Kalb,nomen,Tier
Kater,nomen,Tier
Birke,nomen,natGegenstand Pflanze
Lerche,nomen,Tier
Sonnenuntergang,nomen,natPhaenomen
Lilie,nomen,Pflanze
Geschwindigkeit,nomen,natPhaenomen
Vision,nomen,natPhaenomen
Käfer,nomen,Tier
Keim,nomen,Pflanze Tier
Weibchen,nomen,Tier
Tiger,nomen,Tier
Schall,nomen,natPhaenomen
absetzen,verben,natPhaenomen
Rind,nomen,Tier
Schlamm,nomen,natGegenstand
erwärmen,verben,natPhaenomen
verdunkeln,verben,natPhaenomen
Schwan,nomen,Tier
Kühle,nomen,natPhaenomen
Saat,nomen,Pflanze
Henne,nomen,Tier
Schilf,nomen,Pflanze
Weihe,nomen,Tier
Kuckuck,nomen,Tier
Knall,nomen,natPhaenomen
Spatz,nomen,Tier
Saft,nomen,natPhaenomen Pflanze
Hengst,nomen,Tier
Gehölz,nomen,Pflanze
lichten,verben,natPhaenomen
platt,adj,natPhaenomen
erhitzen,verben,natPhaenomen
Illusion,nomen,natPhaenomen
Galle,nomen,Pflanze
Eule,nomen,Tier
zusammenziehen,verben,natPhaenomen
Stachel,nomen,Pflanze
Sonnenaufgang,nomen,natPhaenomen
Traube,nomen,Pflanze
Witterung,nomen,natPhaenomen
Raubtier,nomen,Tier
Morgensonne,nomen,natPhaenomen
Hoch,nomen,natPhaenomen
Wachs,nomen,natGegenstand
Spuk,nomen,natPhaenomen
klären,verben,natPhaenomen
Lichtschein,nomen,natPhaenomen
Brandung,nomen,natPhaenomen
Unwetter,nomen,natPhaenomen
Papagei,nomen,Tier
Pappel,nomen,Pflanze
Larve,nomen,Tier
Strudel,nomen,natPhaenomen
schwitzen,verben,natPhaenomen
Schweif,nomen,natPhaenomen
Wasserfall,nomen,natPhaenomen
Kamel,nomen,Tier
Widerschein,nomen,natPhaenomen
Kiefer,nomen,natGegenstand Pflanze
tropfen,verben,natPhaenomen
Felsblock,nomen,natGegenstand
Panther,nomen,Tier
Maultier,nomen,Tier
Tempo,nomen,natPhaenomen
Abendsonne,nomen,natPhaenomen
Falke,nomen,Tier
Tierchen,nomen,Tier
Windstoß,nomen,natPhaenomen
Unkraut,nomen,Pflanze
karg,adj,natPhaenomen
Planke,nomen,natGegenstand
Pudel,nomen,Tier
Schwärmer,nomen,Tier
Schutt,nomen,natGegenstand
Klima,nomen,natPhaenomen
bescheinen,verben,natPhaenomen
versteinern,verben,natPhaenomen
Luftzug,nomen,natPhaenomen
Storch,nomen,Tier
Obstbaum,nomen,Pflanze
Flechte,nomen,Pflanze
Rinde,nomen,Pflanze
Vollmond,nomen,natPhaenomen
Muschel,nomen,natGegenstand Tier
Beere,nomen,Pflanze
Körbchen,nomen,Pflanze
verfinstern,verben,natPhaenomen
buschig,adj,natPhaenomen
Gestrüpp,nomen,Pflanze
Reis,nomen,Pflanze
Geier,nomen,Tier
Same,nomen,Pflanze
Hagel,nomen,natPhaenomen
West,nomen,natPhaenomen
Gewächs,nomen,Pflanze
Kastanie,nomen,Pflanze
Ammer,nomen,Tier
Blättchen,nomen,Pflanze
Schläfer,nomen,Tier
herbstlich,adj,natPhaenomen
Stempel,nomen,Pflanze
glimmen,verben,natPhaenomen
fluten,verben,natPhaenomen
Antrieb,nomen,natPhaenomen
Buschwerk,nomen,Pflanze
frostig,adj,natPhaenomen
Halbdunkel,nomen,natPhaenomen
schneien,verben,natPhaenomen
Insekt,nomen,Tier
Juwel,nomen,natGegenstand
Kirsche,nomen,Pflanze
Rübe,nomen,Pflanze
Lorbeer,nomen,Pflanze
Admiral,nomen,Tier
Nelke,nomen,Pflanze
Stiel,nomen,Pflanze
Wölkchen,nomen,natPhaenomen
Laub,nomen,Pflanze
Amsel,nomen,Tier
Bohne,nomen,Pflanze
Goldschmied,nomen,Tier
Sperling,nomen,Tier
Fledermaus,nomen,Tier
Birne,nomen,Pflanze
Forelle,nomen,Tier
aufleuchten,verben,natPhaenomen
Getreide,nomen,Pflanze
Kröte,nomen,Tier
Sturmwind,nomen,natPhaenomen
Kauz,nomen,Tier
Gaukler,nomen,Tier
Erdreich,nomen,natGegenstand
Lichtstrahl,nomen,natPhaenomen
Krokodil,nomen,Tier
Funke,nomen,natPhaenomen
Lohe,nomen,natPhaenomen Pflanze
Granat,nomen,Tier
Morgengrauen,nomen,natPhaenomen
Delphin,nomen,Tier
Donnerschlag,nomen,natPhaenomen
Kreide,nomen,natGegenstand
Täubchen,nomen,Tier
Abendrot,nomen,natPhaenomen
Kolben,nomen,Pflanze
Fink,nomen,Tier
Ziegel,nomen,natGegenstand
Ameise,nomen,Tier
Ranke,nomen,Pflanze
Reif,nomen,natPhaenomen
Kies,nomen,natGegenstand
hellen,verben,natPhaenomen
Schnecke,nomen,Tier
Specht,nomen,Tier
winterlich,adj,natPhaenomen
Krebs,nomen,Tier
Lehm,nomen,natGegenstand
Erdbeben,nomen,natPhaenomen
wolkenlos,adj,natPhaenomen
Röschen,nomen,Pflanze
Ablauf,nomen,natPhaenomen
Hafer,nomen,Pflanze
Eidechse,nomen,Tier
Beben,nomen,natPhaenomen
schüren,verben,natPhaenomen
Brut,nomen,natPhaenomen Tier
Ähre,nomen,Pflanze
Mais,nomen,Pflanze
Möwe,nomen,Tier
Rebe,nomen,Pflanze
Hecht,nomen,Tier
unfruchtbar,adj,natPhaenomen
Stute,nomen,Tier
Schwamm,nomen,Pflanze Tier
Regenbogen,nomen,natPhaenomen
Brüten,nomen,natPhaenomen
Feuchtigkeit,nomen,natPhaenomen
Kaninchen,nomen,Tier
Geröll,nomen,natGegenstand
Apfelbaum,nomen,Pflanze
Widerhall,nomen,natPhaenomen
entflammen,verben,natPhaenomen
Garbe,nomen,Pflanze
Weizen,nomen,Pflanze
Star,nomen,Tier
Efeu,nomen,Pflanze
Floh,nomen,Tier
Zwielicht,nomen,natPhaenomen
Sau,nomen,Tier
Brillant,nomen,natGegenstand
Orkan,nomen,natPhaenomen
Spitz,nomen,Tier
Trug,nomen,natPhaenomen
verdüstern,verben,natPhaenomen
Geiz,nomen,Pflanze
Büffel,nomen,Tier
Abgang,nomen,natPhaenomen
sommerlich,adj,natPhaenomen
Nässe,nomen,natPhaenomen
Auster,nomen,Tier
Kalk,nomen,natGegenstand
Findling,nomen,natGegenstand
Hering,nomen,Tier
Erbse,nomen,Pflanze
Sprössling,nomen,Pflanze
Schwüle,nomen,natPhaenomen
Raupe,nomen,Tier
Morgenrot,nomen,natPhaenomen
Bracke,nomen,Tier
Habicht,nomen,Tier
wettern,verben,natPhaenomen
Flachs,nomen,Pflanze
Pfau,nomen,Tier
Kiesel,nomen,natGegenstand
Ungeziefer,nomen,Tier
Klee,nomen,Pflanze
Wedel,nomen,Pflanze
Igel,nomen,Tier
Geflügel,nomen,Tier
Zwiebel,nomen,Pflanze
Helligkeit,nomen,natPhaenomen
Phantom,nomen,natPhaenomen
Läuten,nomen,natPhaenomen
Nymphe,nomen,Tier
Bäumchen,nomen,Pflanze
Kanarienvogel,nomen,Tier
Falter,nomen,Tier
Rubin,nomen,natGegenstand
Trägheit,nomen,natPhaenomen
Lüftchen,nomen,natPhaenomen
Schneeflocke,nomen,natPhaenomen
Kätzchen,nomen,Pflanze Tier
Feuerschein,nomen,natPhaenomen
tropisch,adj,natPhaenomen
Baumwolle,nomen,Pflanze
Eber,nomen,Tier
Abenddämmerung,nomen,natPhaenomen
Hammel,nomen,Tier
Morgenröte,nomen,natPhaenomen
Aufgang,nomen,natPhaenomen
Harz,nomen,natGegenstand
Eichhörnchen,nomen,Tier
tagen,verben,natPhaenomen
Feige,nomen,Pflanze
Abgabe,nomen,natPhaenomen
Grashalm,nomen,Pflanze
Zypresse,nomen,Pflanze
Pilz,nomen,Pflanze
windig,adj,natPhaenomen
Erle,nomen,Pflanze
Schildkröte,nomen,Tier
Hündchen,nomen,Tier
felsig,adj,natPhaenomen
perlen,verben,natPhaenomen
Köhler,nomen,Tier
Strohhalm,nomen,Pflanze
Rascheln,nomen,natPhaenomen
Knebel,nomen,natGegenstand
Ulme,nomen,Pflanze
Feuersbrunst,nomen,natPhaenomen
Brise,nomen,natPhaenomen
niederbrennen,verben,natPhaenomen
Aal,nomen,Tier
Schwingung,nomen,natPhaenomen
Koralle,nomen,natGegenstand Tier
Ebbe,nomen,natPhaenomen
Temperatur,nomen,natPhaenomen
Staude,nomen,Pflanze
Lawine,nomen,natPhaenomen
Klatsch,nomen,natPhaenomen
Birnbaum,nomen,natGegenstand Pflanze
Vögelchen,nomen,Tier
waldig,adj,natPhaenomen
Steinchen,nomen,natGegenstand
knorrig,adj,natPhaenomen
bucklig,adj,natPhaenomen
abbrennen,verben,natPhaenomen
Vergissmeinnicht,nomen,Pflanze
Hall,nomen,natPhaenomen
Baumwipfel,nomen,Pflanze
Köter,nomen,Tier
Motte,nomen,Tier
Hyäne,nomen,Tier
Dämmerlicht,nomen,natPhaenomen
Herdfeuer,nomen,natPhaenomen
Raubvogel,nomen,Tier
dunstig,adj,natPhaenomen
Irrlicht,nomen,natPhaenomen
Morgendämmerung,nomen,natPhaenomen
Reiher,nomen,Tier
Schnelle,nomen,natPhaenomen
erglänzen,verben,natPhaenomen
Nussbaum,nomen,natGegenstand Pflanze
sieden,verben,natPhaenomen
Dogge,nomen,Tier
Kaminfeuer,nomen,natPhaenomen
Smaragd,nomen,natGegenstand
Sirene,nomen,Tier
Morgenlicht,nomen,natPhaenomen
rumoren,verben,natPhaenomen
Binse,nomen,Pflanze
Distel,nomen,Pflanze
blumig,adj,natPhaenomen
Maulwurf,nomen,Tier
Tannenbaum,nomen,Pflanze
Baumkrone,nomen,Pflanze
Ost,nomen,natPhaenomen
schiffen,verben,natPhaenomen
Pony,nomen,Tier
Nord,nomen,natPhaenomen
Jagdhund,nomen,Tier
Getier,nomen,Tier
Christbaum,nomen,Pflanze
Pflaume,nomen,Pflanze
Tulpe,nomen,Pflanze
Blümchen,nomen,Pflanze
Oleander,nomen,Pflanze
Regenguss,nomen,natPhaenomen
Drossel,nomen,Tier
Elster,nomen,Tier
Segler,nomen,Tier
Regentropfen,nomen,natPhaenomen
aufflammen,verben,natPhaenomen
Sphinx,nomen,Tier
Marder,nomen,Tier
Vegetation,nomen,Pflanze
Mittagssonne,nomen,natPhaenomen
qualmen,verben,natPhaenomen
Taifun,nomen,natPhaenomen
Sperber,nomen,Tier
Abendwind,nomen,natPhaenomen
Spindel,nomen,Pflanze
hinfallen,verben,natPhaenomen
Reflex,nomen,natPhaenomen
Wachtel,nomen,Tier
Walfisch,nomen,Tier
Kranich,nomen,Tier
Trog,nomen,natPhaenomen
Horst,nomen,natGegenstand
anfachen,verben,natPhaenomen
durchbrennen,verben,natPhaenomen
Überschwemmung,nomen,natPhaenomen
Kleeblatt,nomen,Pflanze
Kirschbaum,nomen,natGegenstand Pflanze
Wiesel,nomen,Tier
Laus,nomen,Tier
Aphrodite,nomen,Tier
Esche,nomen,natGegenstand Pflanze
Hausen,nomen,Tier
Untier,nomen,Tier
Finne,nomen,Tier
Weihnachtsbaum,nomen,Pflanze
Geiß,nomen,Tier
Maikäfer,nomen,Tier
Mustang,nomen,Tier
Heidekraut,nomen,Pflanze
Barbe,nomen,Tier
Wespe,nomen,Tier
Pferdchen,nomen,Tier
Windhauch,nomen,natPhaenomen
Liane,nomen,Pflanze
Tief,nomen,natPhaenomen
Heuschrecke,nomen,Tier
Anziehungskraft,nomen,natPhaenomen
Meise,nomen,Tier
zerklüftet,adj,natPhaenomen
Bergwand,nomen,natGegenstand
Renner,nomen,Tier
Geläut,nomen,natPhaenomen
umwehen,verben,natPhaenomen
Nimbus,nomen,natPhaenomen
Reaktion,nomen,natPhaenomen
Sporn,nomen,Pflanze
Felsenwand,nomen,natGegenstand
Reitpferd,nomen,Tier
aufhellen,verben,natPhaenomen
Aster,nomen,Pflanze
Guss,nomen,natPhaenomen
Tölpel,nomen,Tier
Zehe,nomen,Pflanze
Ungewitter,nomen,natPhaenomen
durchglühen,verben,natPhaenomen
Roggen,nomen,Pflanze
Taucher,nomen,Tier
Natter,nomen,Tier
Löwin,nomen,Tier
Rehbock,nomen,Tier
Ferkel,nomen,Tier
Libelle,nomen,Tier
Kastanienbaum,nomen,Pflanze
Falbe,nomen,Tier
Granit,nomen,natGegenstand
neblig,adj,natPhaenomen
Hülse,nomen,Pflanze
Morast,nomen,natGegenstand
Iltis,nomen,Tier
Platane,nomen,Pflanze
Schwaden,nomen,natPhaenomen
Meteor,nomen,natPhaenomen
Misston,nomen,natPhaenomen
Schäfchen,nomen,Tier
Lagerfeuer,nomen,natPhaenomen
entfachen,verben,natPhaenomen
Hummer,nomen,Tier
Pfirsich,nomen,Pflanze
Uhu,nomen,Tier
Ostwind,nomen,natPhaenomen
Stör,nomen,Tier
Totenkopf,nomen,Tier
Ableben,nomen,natPhaenomen
Naturgesetz,nomen,natPhaenomen
unwirtlich,adj,natPhaenomen
Bohle,nomen,natGegenstand
Hai,nomen,Tier
Schneegestöber,nomen,natPhaenomen
Eichenholz,nomen,natGegenstand
Karpfen,nomen,Tier
Flieder,nomen,Pflanze
Süd,nomen,natPhaenomen
Echse,nomen,Tier
Rebhuhn,nomen,Tier
Wetterleuchten,nomen,natPhaenomen
Schakal,nomen,Tier
Erika,nomen,Pflanze
Gewitterwolke,nomen,natPhaenomen
Flimmern,nomen,natPhaenomen
Waller,nomen,Tier
Frühlingssonne,nomen,natPhaenomen
Regenwetter,nomen,natPhaenomen
Rappe,nomen,Tier
Windstille,nomen,natPhaenomen
Schlacke,nomen,natGegenstand
überstrahlen,verben,natPhaenomen
Seehund,nomen,Tier
Schneesturm,nomen,natPhaenomen
Baumstumpf,nomen,Pflanze
Langsamkeit,nomen,natPhaenomen
Kerzenlicht,nomen,natPhaenomen
Kürbis,nomen,Pflanze
Impuls,nomen,natPhaenomen
Springer,nomen,Tier
Schlingpflanze,nomen,Pflanze
Rosenstock,nomen,Pflanze
Gazelle,nomen,Tier
Reflexion,nomen,natPhaenomen
auflodern,verben,natPhaenomen
Rotkehlchen,nomen,Tier
Fasan,nomen,Tier
Nordwind,nomen,natPhaenomen
regnerisch,adj,natPhaenomen
schillern,verben,natPhaenomen
Abendlicht,nomen,natPhaenomen
Bulle,nomen,Tier
Rentier,nomen,Tier
Nessel,nomen,Pflanze
bestrahlen,verben,natPhaenomen
tröpfeln,verben,natPhaenomen
Orchidee,nomen,Pflanze
Moskito,nomen,Tier
Luchs,nomen,Tier
stöbern,verben,natPhaenomen
Skorpion,nomen,Tier
Windhund,nomen,Tier
Laubwerk,nomen,Pflanze
Alligator,nomen,Tier
Schub,nomen,natPhaenomen
Zapfen,nomen,Pflanze
Dürre,nomen,natPhaenomen
Wirbelwind,nomen,natPhaenomen
Elektrizität,nomen,natPhaenomen
Abendröte,nomen,natPhaenomen
Gerste,nomen,Pflanze
Bastard,nomen,Pflanze Tier
Butt,nomen,Tier
Halbmond,nomen,natPhaenomen
anwehen,verben,natPhaenomen
Tannenzweig,nomen,Pflanze
Bärin,nomen,Tier
Lufthauch,nomen,natPhaenomen
Wolkenbruch,nomen,natPhaenomen
ausbrennen,verben,natPhaenomen
Schwärze,nomen,natPhaenomen
Nachmittagssonne,nomen,natPhaenomen
landschaftlich,adj,natPhaenomen
Wanze,nomen,Tier
Pinie,nomen,Pflanze
Haifisch,nomen,Tier
Nordost,nomen,natPhaenomen
Greif,nomen,Tier
Gasflamme,nomen,natPhaenomen
Waldmeister,nomen,Pflanze
Regenwurm,nomen,Tier
Streif,nomen,natPhaenomen
Waldboden,nomen,natGegenstand
Ur,nomen,Tier
Eichel,nomen,Pflanze
Auerhahn,nomen,Tier
Klette,nomen,Pflanze
Stieglitz,nomen,Tier
Biber,nomen,Tier
Biest,nomen,Tier
Lama,nomen,Tier
Torf,nomen,natGegenstand
Ahorn,nomen,natGegenstand Pflanze
Hanf,nomen,Pflanze
Hündin,nomen,Tier
Mops,nomen,Tier
Spannkraft,nomen,natPhaenomen
Trophäe,nomen,Tier
Griffel,nomen,Pflanze
Kiebitz,nomen,Tier
Regenschauer,nomen,natPhaenomen
Wildfang,nomen,Tier
Mäuschen,nomen,Tier
Zulauf,nomen,natPhaenomen
Hofhund,nomen,Tier
Westwind,nomen,natPhaenomen
Aar,nomen,Tier
Mondsichel,nomen,natPhaenomen
Föhn,nomen,natPhaenomen
Brennholz,nomen,natGegenstand
Bluthund,nomen,Tier
Bast,nomen,Pflanze
Schröter,nomen,Tier
windstill,adj,natPhaenomen
Ausläufer,nomen,Pflanze
Apollo,nomen,Tier
Zeisig,nomen,Tier
Olive,nomen,Pflanze
Rindvieh,nomen,Tier
Rosenblatt,nomen,Pflanze
Zaunkönig,nomen,Tier
Brombeere,nomen,Pflanze
Dino,nomen,Tier
Heimchen,nomen,Tier
nebelhaft,adj,natPhaenomen
Gärung,nomen,natPhaenomen
Zicklein,nomen,Tier
Bussard,nomen,Tier
Lebensende,nomen,natPhaenomen
Lindenbaum,nomen,Pflanze
Schneefall,nomen,natPhaenomen
Ziegelstein,nomen,natGegenstand
Glätte,nomen,natPhaenomen
Narzisse,nomen,Pflanze
Spross,nomen,Pflanze
Maulesel,nomen,Tier
Dornbusch,nomen,Pflanze
Zelter,nomen,Tier
Gips,nomen,natGegenstand
Boxer,nomen,Tier
Lurch,nomen,Tier
Morgennebel,nomen,natPhaenomen
Platzregen,nomen,natPhaenomen
Klepper,nomen,Tier
Mühlstein,nomen,natGegenstand
Jaguar,nomen,Tier
Rüde,nomen,Tier
Kieselstein,nomen,natGegenstand
Gurke,nomen,Pflanze
Ara,nomen,Tier
Ebenholz,nomen,natGegenstand
Arbeiterin,nomen,Tier
Otter,nomen,Tier
Gummi,nomen,Pflanze
Fingerhut,nomen,Pflanze
Lichtstreifen,nomen,natPhaenomen
Herbstwind,nomen,natPhaenomen
schwelen,verben,natPhaenomen
Truthahn,nomen,Tier
Lauffeuer,nomen,natPhaenomen
Nussschale,nomen,Pflanze
Magnetismus,nomen,natPhaenomen
Sandkorn,nomen,natGegenstand
Vogelnest,nomen,natGegenstand
hügelig,adj,natPhaenomen
Kakadu,nomen,Tier
Antilope,nomen,Tier
Widder,nomen,Tier
Haselnuss,nomen,Pflanze
Gimpel,nomen,Tier
Singvogel,nomen,Tier
Nachhall,nomen,natPhaenomen
Phönix,nomen,Tier
Ginster,nomen,Pflanze
Schnepfe,nomen,Tier
g,nomen,natPhaenomen
Untergrund,nomen,natGegenstand
Postillion,nomen,Tier
Schneeglöckchen,nomen,Pflanze
Dackel,nomen,Tier
Haustier,nomen,Tier
Bremse,nomen,Tier
Riesenschlange,nomen,Tier
Laubfrosch,nomen,Tier
Hyazinthe,nomen,Pflanze
Wal,nomen,Tier
Spinnwebe,nomen,natGegenstand
immergrün,adj,natPhaenomen
Nordwest,nomen,natPhaenomen
Samenkorn,nomen,Pflanze
Backstein,nomen,natGegenstand
hageln,verben,natPhaenomen
Reibung,nomen,natPhaenomen
Hopfen,nomen,Pflanze
dornig,adj,natPhaenomen
Mohn,nomen,Pflanze
Sternschnuppe,nomen,natPhaenomen
Kaktus,nomen,Pflanze
Saphir,nomen,natGegenstand
Zeder,nomen,natGegenstand Pflanze
Baumwurzel,nomen,Pflanze
Hermelin,nomen,Tier
Linse,nomen,Pflanze
Schierling,nomen,Pflanze
Kornblume,nomen,Pflanze
Leu,nomen,Tier
Lämmchen,nomen,Tier
Südwind,nomen,natPhaenomen
Sonnenblume,nomen,Pflanze
Zirpe,nomen,Tier
Federvieh,nomen,Tier
Zerrbild,nomen,natPhaenomen
Hochwasser,nomen,natPhaenomen
Hungertod,nomen,natPhaenomen
Seewolf,nomen,Tier
Protz,nomen,Tier
Anemone,nomen,Pflanze
nasskalt,adj,natPhaenomen
Akazie,nomen,Pflanze
Pflänzchen,nomen,Pflanze
Bernstein,nomen,natGegenstand
Würmchen,nomen,Tier
Grundstein,nomen,natGegenstand
Wacholder,nomen,Pflanze
Grasmücke,nomen,Tier
Schattenspiel,nomen,natPhaenomen
Lachs,nomen,Tier
Unterton,nomen,natPhaenomen
Feuersäule,nomen,natPhaenomen
Paradiesvogel,nomen,Tier
Sandstein,nomen,natGegenstand
schmoren,verben,natPhaenomen
G,nomen,natPhaenomen
Waldbaum,nomen,Pflanze
Immergrün,nomen,Pflanze
Naturkraft,nomen,natPhaenomen
Ausdünstung,nomen,natPhaenomen
Malve,nomen,Pflanze
Goldfisch,nomen,Tier
Hamster,nomen,Tier
Schote,nomen,Pflanze
Käuzchen,nomen,Tier
Distelfink,nomen,Tier
Glockenblume,nomen,Pflanze
Leopard,nomen,Tier
Firn,nomen,natPhaenomen
Luftstrom,nomen,natPhaenomen
Turteltaube,nomen,Tier
Blümlein,nomen,Pflanze
Seerose,nomen,Pflanze Tier
flirren,verben,natPhaenomen
Steinboden,nomen,natGegenstand
Eichbaum,nomen,Pflanze
Triton,nomen,Tier
Feldstein,nomen,natGegenstand
Intervall,nomen,natPhaenomen
Mokka,nomen,Pflanze
Kupferstecher,nomen,Tier
Brennpunkt,nomen,natPhaenomen
Jargon,nomen,natGegenstand
Papyrus,nomen,Pflanze
Tierwelt,nomen,Tier
Spürhund,nomen,Tier
räuchern,verben,natPhaenomen
Kokosnuss,nomen,Pflanze
Frühlingsblume,nomen,Pflanze
Ölbaum,nomen,Pflanze
Pelikan,nomen,Tier
Sturmflut,nomen,natPhaenomen
Vampir,nomen,Tier
Weinstock,nomen,Pflanze
Kümmel,nomen,Pflanze
Alpenrose,nomen,Pflanze
Nilpferd,nomen,Tier
Herbstsonne,nomen,natPhaenomen
Sternenlicht,nomen,natPhaenomen
Hyazinth,nomen,natGegenstand
Holunder,nomen,Pflanze
Niederschlag,nomen,natPhaenomen
Buchfink,nomen,Tier
Murmeltier,nomen,Tier
Lindwurm,nomen,Tier
Lori,nomen,Tier
Kohl,nomen,Pflanze
Blutsauger,nomen,Tier
Kettenhund,nomen,Tier
geil,adj,natPhaenomen
Goldregen,nomen,Pflanze
Regenwolke,nomen,natPhaenomen
Trugbild,nomen,natPhaenomen
Hinscheiden,nomen,natPhaenomen
Löwenzahn,nomen,Pflanze
Kiwi,nomen,Tier
Kaiserkrone,nomen,Pflanze
Trauerweide,nomen,Pflanze
Wildkatze,nomen,Tier
Schneetreiben,nomen,natPhaenomen
Holzstück,nomen,natGegenstand
Feuerstein,nomen,natGegenstand
Melde,nomen,Pflanze
Rosenstrauch,nomen,Pflanze
Edelweiß,nomen,Pflanze
Teckel,nomen,Tier
Wildschwein,nomen,Tier
Jagdbeute,nomen,Tier
Spiegelung,nomen,natPhaenomen
verschneien,verben,natPhaenomen
Südost,nomen,natPhaenomen
Eisbär,nomen,Tier
Molch,nomen,Tier
Rosenzweig,nomen,Pflanze
Weidenbaum,nomen,Pflanze
Espenlaub,nomen,Pflanze
Wasservogel,nomen,Tier
Grundton,nomen,natPhaenomen
Stelze,nomen,Tier
Schäferhund,nomen,Tier
Wölfin,nomen,Tier
Halluzination,nomen,natPhaenomen
öd,adj,natPhaenomen
Schneeball,nomen,Pflanze
Hölzchen,nomen,natGegenstand
Knolle,nomen,Pflanze
Nordlicht,nomen,natPhaenomen
Helldunkel,nomen,natPhaenomen
auswaschen,verben,natPhaenomen
Kreuzung,nomen,Pflanze Tier
Bambus,nomen,natGegenstand Pflanze
Schecke,nomen,Tier
Zugvogel,nomen,Tier
Latsche,nomen,Pflanze
Weinrebe,nomen,Pflanze
Weinlaub,nomen,Pflanze
Seewind,nomen,natPhaenomen
Krabbe,nomen,Tier
Wegerich,nomen,Pflanze
Baldrian,nomen,Pflanze
Primel,nomen,Pflanze
Heliotrop,nomen,natGegenstand
prickeln,verben,natPhaenomen
Holzblock,nomen,natGegenstand
Baumrinde,nomen,Pflanze
fächeln,verben,natPhaenomen
Baustein,nomen,natGegenstand
Meiler,nomen,natGegenstand
Krake,nomen,Tier
Ziegenbock,nomen,Tier
Reptil,nomen,Tier
Monstrum,nomen,Tier
Steineiche,nomen,Pflanze
Lotosblume,nomen,Pflanze
Zerfall,nomen,natPhaenomen
Geranie,nomen,Pflanze
Schlick,nomen,natGegenstand
Anziehung,nomen,natPhaenomen
Herzblatt,nomen,Pflanze
Kork,nomen,Pflanze
Stämmchen,nomen,Pflanze
Neumond,nomen,natPhaenomen
Sprühregen,nomen,natPhaenomen
Baumriese,nomen,Pflanze
Iguanodon,nomen,Tier
Bachstelze,nomen,Tier
wolkig,adj,natPhaenomen
Ananas,nomen,Pflanze
Tauwetter,nomen,natPhaenomen
fachen,verben,natPhaenomen
Zufluss,nomen,natPhaenomen
Spargel,nomen,Pflanze
Zobel,nomen,Tier
Farn,nomen,Pflanze
Espe,nomen,Pflanze
Dohle,nomen,Tier
Gewitterregen,nomen,natPhaenomen
Ahornbaum,nomen,Pflanze
Salamander,nomen,Tier
Pavian,nomen,Tier
verglühen,verben,natPhaenomen
Senf,nomen,Pflanze
Abfluss,nomen,natPhaenomen
Meerkatze,nomen,Tier
Heldentod,nomen,natPhaenomen
Bauholz,nomen,natGegenstand
sengen,verben,natPhaenomen
nebelig,adj,natPhaenomen
Kaskade,nomen,natPhaenomen
Donnerkeil,nomen,natGegenstand
Lärche,nomen,Pflanze
Glatteis,nomen,natPhaenomen
Lehmboden,nomen,natGegenstand
urbar,adj,natPhaenomen
illuminieren,verben,natPhaenomen
Glockengeläut,nomen,natPhaenomen
Freudenfeuer,nomen,natPhaenomen
Alabaster,nomen,natGegenstand
Blattwerk,nomen,Pflanze
Buchsbaum,nomen,natGegenstand Pflanze
Eselin,nomen,Tier
Wintersturm,nomen,natPhaenomen
Tannenholz,nomen,natGegenstand
Borke,nomen,Pflanze
Perlmutter,nomen,Tier
Äffchen,nomen,Tier
Klapperschlange,nomen,Tier
Morgentau,nomen,natPhaenomen
Opal,nomen,natGegenstand
Enzian,nomen,Pflanze
Karnickel,nomen,Tier
Sinnestäuschung,nomen,natPhaenomen
Hausmutter,nomen,Tier
Viech,nomen,Tier
buckelig,adj,natPhaenomen
Wickel,nomen,Pflanze
Eichenlaub,nomen,Pflanze
Nadelholz,nomen,natGegenstand Pflanze
Kitz,nomen,Tier
Wassertreter,nomen,Tier
Holzkohle,nomen,natGegenstand
baumlos,adj,natPhaenomen
Schweinchen,nomen,Tier
Peitschenknall,nomen,natPhaenomen
Versteinerung,nomen,natGegenstand
Fohlen,nomen,Tier
Nachtfalter,nomen,Tier
Landregen,nomen,natPhaenomen
bewölkt,adj,natPhaenomen
Pflanzenwelt,nomen,Pflanze
Strunk,nomen,Pflanze
Hasel,nomen,Pflanze
Blütenblatt,nomen,Pflanze
Alge,nomen,Pflanze
Lasttier,nomen,Tier
Made,nomen,Tier
Puma,nomen,Tier
Unke,nomen,Tier
Tide,nomen,natPhaenomen
Steinkohle,nomen,natGegenstand
Zuckerrohr,nomen,Pflanze
Winterkälte,nomen,natPhaenomen
Meerschweinchen,nomen,Tier
Würger,nomen,Tier
Viper,nomen,Tier
Steinbock,nomen,Tier
Streiflicht,nomen,natPhaenomen
Aussaat,nomen,Pflanze
Krokus,nomen,Pflanze
Blutegel,nomen,Tier
Zuckerhut,nomen,Pflanze
Stößer,nomen,Tier
Tang,nomen,Pflanze
Reittier,nomen,Tier
Rennpferd,nomen,Tier
Oldenburger,nomen,Tier
Bö,nomen,natPhaenomen
bewohnbar,adj,natPhaenomen
Meilenstein,nomen,natGegenstand
Zebra,nomen,Tier
Sturmvogel,nomen,Tier
Kolibri,nomen,Tier
aufflackern,verben,natPhaenomen
Eichhorn,nomen,Tier
Tarantel,nomen,Tier
Rettich,nomen,Pflanze
Polyp,nomen,Tier
Mandelbaum,nomen,Pflanze
Knoblauch,nomen,Pflanze
Chimäre,nomen,Tier
Goldammer,nomen,Tier
Lichtkegel,nomen,natPhaenomen
gefrieren,verben,natPhaenomen
Knacks,nomen,natPhaenomen
Katzenauge,nomen,natGegenstand
Butterblume,nomen,Pflanze
Wiesenblume,nomen,Pflanze
Wildente,nomen,Tier
Mischling,nomen,Tier
Schlüsselblume,nomen,Pflanze
Giraffe,nomen,Tier
Schabe,nomen,Tier
Luftdruck,nomen,natPhaenomen
Mittagshitze,nomen,natPhaenomen
Felsmasse,nomen,natGegenstand
Trapp,nomen,natGegenstand
bewölken,verben,natPhaenomen
Weidengebüsch,nomen,Pflanze
Kokospalme,nomen,Pflanze
Steinbeißer,nomen,Tier
Marabu,nomen,Tier
Waldvogel,nomen,Tier
Herbststurm,nomen,natPhaenomen
Mondscheibe,nomen,natPhaenomen
Bloch,nomen,natGegenstand
Rattenfänger,nomen,Tier
sonnenverbrannt,adj,natPhaenomen
Eibe,nomen,Pflanze
Wildgans,nomen,Tier
Kerzenschein,nomen,natPhaenomen
Eierschale,nomen,natGegenstand
grasig,adj,natPhaenomen
Lavendel,nomen,Pflanze
Blütenkelch,nomen,Pflanze
Triebkraft,nomen,natPhaenomen
Rispe,nomen,Pflanze
Eberesche,nomen,Pflanze
Wacholderbusch,nomen,Pflanze
Leuchtkäfer,nomen,Tier
Brachvogel,nomen,Tier
Schlagschatten,nomen,natPhaenomen
Wermut,nomen,Pflanze
Durchzug,nomen,natPhaenomen
Schwalbennest,nomen,natGegenstand
Ordensband,nomen,Tier
Elch,nomen,Tier
Keiler,nomen,Tier
Giftschlange,nomen,Tier
Tigerin,nomen,Tier
Hagelschlag,nomen,natPhaenomen
Meereswelle,nomen,natPhaenomen
Schiefer,nomen,natGegenstand
verdunsten,verben,natPhaenomen
Weinranke,nomen,Pflanze
Schwerkraft,nomen,natPhaenomen
Steinschlag,nomen,natPhaenomen natGegenstand
Verfinsterung,nomen,natPhaenomen
Silberpappel,nomen,Pflanze
Gockel,nomen,Tier
Leineweber,nomen,Tier
Eisvogel,nomen,Tier
zugig,adj,natPhaenomen
Schlehe,nomen,Pflanze
Gänseblümchen,nomen,Pflanze
Vollblut,nomen,Tier
Wallach,nomen,Tier
Bazillus,nomen,Tier
Blindschleiche,nomen,Tier
Goldhähnchen,nomen,Tier
Urkraft,nomen,natPhaenomen
Terz,nomen,natPhaenomen
Heimgang,nomen,natPhaenomen
Nachtfrost,nomen,natPhaenomen
verdampfen,verben,natPhaenomen
Brummer,nomen,Tier
Buchweizen,nomen,Pflanze
Pegasus,nomen,Tier
Rotwild,nomen,Tier
Kreuzotter,nomen,Tier
Herbstnebel,nomen,natPhaenomen
Oktave,nomen,natPhaenomen
Rittersporn,nomen,Pflanze
Grauschimmel,nomen,Tier
Bulldogge,nomen,Tier
Milchkuh,nomen,Tier
Blitzschlag,nomen,natPhaenomen
Sonnenfinsternis,nomen,natPhaenomen
Dünung,nomen,natPhaenomen
Ehrenpreis,nomen,Pflanze
Bambusrohr,nomen,Pflanze
Einhorn,nomen,Tier
Hornisse,nomen,Tier
versumpfen,verben,natPhaenomen
Pute,nomen,Tier
Orangenbaum,nomen,Pflanze
Tannenzapfen,nomen,Pflanze
Laubbaum,nomen,Pflanze
Seevogel,nomen,Tier
Seegang,nomen,natPhaenomen
Kroton,nomen,Pflanze
Wurzelwerk,nomen,Pflanze
Pflaumenbaum,nomen,Pflanze
Stromschnelle,nomen,natPhaenomen
Sommerhitze,nomen,natPhaenomen
Eintagsfliege,nomen,Tier
Wabe,nomen,natGegenstand
Mohnblume,nomen,Pflanze
Maiglöckchen,nomen,Pflanze
Feldmaus,nomen,Tier
Hirschkuh,nomen,Tier
Überspannung,nomen,natPhaenomen
Wespennest,nomen,natGegenstand
Luftloch,nomen,natPhaenomen
Strohfeuer,nomen,natPhaenomen
Kamelie,nomen,Pflanze
Tannennadel,nomen,Pflanze
Maßliebchen,nomen,Pflanze
Wolfshund,nomen,Tier
Boa,nomen,Tier
gebirgig,adj,natPhaenomen
Wildwasser,nomen,natPhaenomen
Nebelschwaden,nomen,natPhaenomen
Rohstoff,nomen,natGegenstand
Heidelbeere,nomen,Pflanze
Sonnengold,nomen,Pflanze
Hagebutte,nomen,Pflanze
Kaffeebohne,nomen,Pflanze
Wasserpflanze,nomen,Pflanze
Zugtier,nomen,Tier
Borg,nomen,Tier
Sandboden,nomen,natGegenstand
Mauerstein,nomen,natGegenstand
verhageln,verben,natPhaenomen
Stumpen,nomen,Pflanze
Boreas,nomen,natPhaenomen
Feigenbaum,nomen,Pflanze
Schleiche,nomen,Tier
Pinguin,nomen,Tier
Hochwild,nomen,Tier
Muskelkraft,nomen,natPhaenomen
Feuerstrahl,nomen,natPhaenomen
Nebelwolke,nomen,natPhaenomen
Aloe,nomen,Pflanze
Myrte,nomen,Pflanze
Qualle,nomen,Tier
Felsgestein,nomen,natGegenstand
bergig,adj,natPhaenomen
Granatapfel,nomen,Pflanze
Herbstlaub,nomen,Pflanze
Maulbeerbaum,nomen,Pflanze
Feldfrucht,nomen,Pflanze
Maibaum,nomen,Pflanze
Höllenhund,nomen,Tier
Robbe,nomen,Tier
Gorilla,nomen,Tier
Holzwurm,nomen,Tier
Birkhahn,nomen,Tier
Werwolf,nomen,Tier
anstrahlen,verben,natPhaenomen
Radieschen,nomen,Pflanze
Sardelle,nomen,Tier
Depression,nomen,natPhaenomen
Eisenhut,nomen,Pflanze
Gemme,nomen,natGegenstand Pflanze
Rebstock,nomen,Pflanze
Hauskatze,nomen,Tier
Pirol,nomen,Tier
Nashorn,nomen,Tier
Schwarzspecht,nomen,Tier
Kreuzspinne,nomen,Tier
Gewittersturm,nomen,natPhaenomen
Naturereignis,nomen,natPhaenomen
Mimose,nomen,Pflanze
vereisen,verben,natPhaenomen
Iris,nomen,Pflanze
Lorbeerbaum,nomen,Pflanze
Föhre,nomen,Pflanze
Wisent,nomen,Tier
Felsbrocken,nomen,natGegenstand
Laubholz,nomen,natGegenstand Pflanze
Schilfrohr,nomen,Pflanze
Dromedar,nomen,Tier
Kernbeißer,nomen,Tier
Neuschnee,nomen,natPhaenomen
Chamäleon,nomen,Tier
Barsch,nomen,Tier
Gründling,nomen,Tier
Sommerwind,nomen,natPhaenomen
Lichtstreif,nomen,natPhaenomen
feuchtkalt,adj,natPhaenomen
Trift,nomen,natPhaenomen
Wasserschlauch,nomen,Pflanze
Riedgras,nomen,Pflanze
Eichenstamm,nomen,Pflanze
Amethyst,nomen,natGegenstand
Ried,nomen,Pflanze
Kampfhahn,nomen,Tier
Vielfraß,nomen,Tier
Faultier,nomen,Tier
Salbei,nomen,Pflanze
zufrieren,verben,natPhaenomen
Siebenschläfer,nomen,Tier
Hirse,nomen,Pflanze
Albino,nomen,Tier
Lebensbaum,nomen,Pflanze
blumenreich,adj,natPhaenomen
Gaslicht,nomen,natPhaenomen
Blätterwerk,nomen,Pflanze
Küken,nomen,Tier
Spitzmaus,nomen,Tier
Wirbelsturm,nomen,natPhaenomen
Gestöber,nomen,natPhaenomen
Wasserdampf,nomen,natPhaenomen
Hörnchen,nomen,Tier
Erstgeburt,nomen,natPhaenomen
Buchecker,nomen,Pflanze
Schlachtvieh,nomen,Tier
Haushund,nomen,Tier
Zikade,nomen,Tier
Opfertier,nomen,Tier
Apfelschimmel,nomen,Tier
Springflut,nomen,natPhaenomen
Wolkendecke,nomen,natPhaenomen
Gegendruck,nomen,natPhaenomen
funken,verben,natPhaenomen
Brasse,nomen,Tier
Gibbon,nomen,Tier
Hagelschauer,nomen,natPhaenomen
Fuchsbau,nomen,natGegenstand
Formation,nomen,natGegenstand
Verbrennung,nomen,natPhaenomen
Wallhecke,nomen,Pflanze
Weißdorn,nomen,Pflanze
Maiskolben,nomen,Pflanze
Seeadler,nomen,Tier
Schoßhund,nomen,Tier
Säugetier,nomen,Tier
Stichling,nomen,Tier
Sonnenwärme,nomen,natPhaenomen
Glockenläuten,nomen,natPhaenomen
Kerzenflamme,nomen,natPhaenomen
Kalkstein,nomen,natGegenstand
Rhinozeros,nomen,Tier
Imago,nomen,Tier
Hagelkorn,nomen,natPhaenomen
Seegras,nomen,Pflanze
Stechpalme,nomen,Pflanze
Dattelpalme,nomen,Pflanze
Kohlmeise,nomen,Tier
Meduse,nomen,Tier
Luftströmung,nomen,natPhaenomen
Schlussstein,nomen,natGegenstand
Flugsand,nomen,natGegenstand
klimatisch,adj,natPhaenomen
Verderb,nomen,natPhaenomen
Chrysantheme,nomen,Pflanze
Geißblatt,nomen,Pflanze
Lindenblüte,nomen,Pflanze
Fischotter,nomen,Tier
Mammut,nomen,Tier
Opferstein,nomen,natGegenstand
Schutthalde,nomen,natGegenstand
Tomate,nomen,Pflanze
Salm,nomen,Tier
Freiheitsbaum,nomen,Pflanze
Seetang,nomen,Pflanze
Wasserlilie,nomen,Pflanze
Renke,nomen,Tier
Tierreich,nomen,Tier
Dompfaff,nomen,Tier
Frühlingsregen,nomen,natPhaenomen
Nordostwind,nomen,natPhaenomen
Herbstwetter,nomen,natPhaenomen
Felsboden,nomen,natGegenstand
Hochflut,nomen,natPhaenomen
einäschern,verben,natPhaenomen
Geschiebe,nomen,natGegenstand
Blutbuche,nomen,Pflanze
Dahlie,nomen,Pflanze
Blütenstaub,nomen,Pflanze
Herbstzeitlose,nomen,Pflanze
Kalmus,nomen,Pflanze
Waldtier,nomen,Tier
Brieftaube,nomen,Tier
Seeschlange,nomen,Tier
Aussterben,nomen,natPhaenomen
Kautschuk,nomen,natGegenstand
Hänfling,nomen,Tier
Eiseskälte,nomen,natPhaenomen
Fuchsschwanz,nomen,Pflanze
Fauna,nomen,Tier
Ästchen,nomen,Pflanze
Sommerblume,nomen,Pflanze
Waldmaus,nomen,Tier
Waldbrand,nomen,natPhaenomen
sternenklar,adj,natPhaenomen
Koppe,nomen,Tier
Walnuss,nomen,Pflanze
Feigenblatt,nomen,Pflanze
Schnauzer,nomen,Tier
Katarakt,nomen,natPhaenomen
Buchenlaub,nomen,Pflanze
Heckenrose,nomen,Pflanze
Palmzweig,nomen,Pflanze
Albatros,nomen,Tier
Mistkäfer,nomen,Tier
Seeigel,nomen,Tier
Erdstoß,nomen,natPhaenomen
Wüstensand,nomen,natGegenstand
Aprikose,nomen,Pflanze
Glucke,nomen,Tier
Malteser,nomen,Tier
Ölzweig,nomen,Pflanze
Neuntöter,nomen,Tier
Flunder,nomen,Tier
Glühwürmchen,nomen,Tier
Dorsch,nomen,Tier
Seeschwalbe,nomen,Tier
Dampfkraft,nomen,natPhaenomen
Südwand,nomen,natGegenstand
wetterleuchten,verben,natPhaenomen
Wurzelstock,nomen,Pflanze
Stiefmütterchen,nomen,Pflanze
Nachtschatten,nomen,Pflanze
Zitronenfalter,nomen,Tier
Schlachtross,nomen,Tier
Treibholz,nomen,natGegenstand
Schotter,nomen,natGegenstand
Flint,nomen,natGegenstand
steril,adj,natPhaenomen
Blumenkohl,nomen,Pflanze
Seestern,nomen,Tier
Fischchen,nomen,Tier
Volldampf,nomen,natPhaenomen
Wellenberg,nomen,natPhaenomen
Feuertod,nomen,natPhaenomen
Dünensand,nomen,natGegenstand
Fluh,nomen,natGegenstand
Basalt,nomen,natGegenstand
grasbewachsen,adj,natPhaenomen
Tintenfisch,nomen,Tier
Bodenwelle,nomen,natPhaenomen
Pfefferkorn,nomen,Pflanze
Baumstrunk,nomen,Pflanze
Wicke,nomen,Pflanze
Ackergaul,nomen,Tier
Waldkauz,nomen,Tier
herunterbrennen,verben,natPhaenomen
feuchtwarm,adj,natPhaenomen
Seebär,nomen,Tier
Aufheiterung,nomen,natPhaenomen
Palmblatt,nomen,Pflanze
Agave,nomen,Pflanze
Wasserhuhn,nomen,Tier
Bernhardiner,nomen,Tier
Schmeißfliege,nomen,Tier
Traber,nomen,Tier
Ringeltaube,nomen,Tier
Wolkenbank,nomen,natPhaenomen
Frühlingswetter,nomen,natPhaenomen
Höllenfeuer,nomen,natPhaenomen
Hingang,nomen,natPhaenomen
Onyx,nomen,natGegenstand
vierblättrig,adj,natPhaenomen
ablagern,verben,natPhaenomen
Bocksbart,nomen,Pflanze
Eselsohr,nomen,Pflanze
Margerite,nomen,Pflanze
Buchenstamm,nomen,Pflanze
Hainbuche,nomen,Pflanze
Puter,nomen,Tier
Fabelwesen,nomen,Tier
Schmiedefeuer,nomen,natPhaenomen
Scheintod,nomen,natPhaenomen
Heimaterde,nomen,natGegenstand
durchscheinen,verben,natPhaenomen
zusammenbrauen,verben,natPhaenomen
Raute,nomen,Pflanze
Raps,nomen,Pflanze
Ableger,nomen,Pflanze
Königskerze,nomen,Pflanze
Höhlenbär,nomen,Tier
Zentaur,nomen,Tier
Stachelschwein,nomen,Tier
Schädling,nomen,Tier
Gams,nomen,Tier
Nachtschwalbe,nomen,Tier
Lavastrom,nomen,natGegenstand
Ypsilon,nomen,Tier
Aufhellung,nomen,natPhaenomen
Gummibaum,nomen,Pflanze
Sauerampfer,nomen,Pflanze
Erpel,nomen,Tier
Säuger,nomen,Tier
Bandwurm,nomen,Tier
Tapir,nomen,Tier
Schweißhund,nomen,Tier
Basilisk,nomen,Tier
Kaulquappe,nomen,Tier
Gravitation,nomen,natPhaenomen
Adlerhorst,nomen,natGegenstand
Wasserratte,nomen,Tier
Ziegenbart,nomen,Pflanze
Schlehdorn,nomen,Pflanze
Dornenhecke,nomen,Pflanze
Leberblümchen,nomen,Pflanze
Stechmücke,nomen,Tier
Wels,nomen,Tier
Osterhase,nomen,Tier
Dronte,nomen,Tier
Weißfisch,nomen,Tier
Grünspecht,nomen,Tier
Jagdtrophäe,nomen,Tier
Medusenhaupt,nomen,Tier
Häsin,nomen,Tier
Spanferkel,nomen,Tier
Schneehuhn,nomen,Tier
Dunstwolke,nomen,natPhaenomen
Spinnennetz,nomen,natGegenstand
Schwertlilie,nomen,Pflanze
Tollkirsche,nomen,Pflanze
Rammler,nomen,Tier
Schleiereule,nomen,Tier
Gauch,nomen,Tier
Turmfalke,nomen,Tier
Flutwelle,nomen,natPhaenomen
Lebewelt,nomen,natPhaenomen
Kartoffelschale,nomen,Pflanze
Süßholz,nomen,Pflanze
Fichtenstamm,nomen,Pflanze
Wunderblume,nomen,Pflanze
Runkelrübe,nomen,Pflanze
Hanfsamen,nomen,Pflanze
Stechfliege,nomen,Tier
Feuerkugel,nomen,natPhaenomen
Naturwunder,nomen,natPhaenomen
Tierleben,nomen,natPhaenomen
Nebelwand,nomen,natPhaenomen
Schallwelle,nomen,natPhaenomen
Edeltanne,nomen,Pflanze
Wiedehopf,nomen,Tier
Dachs,nomen,Tier
Seelöwe,nomen,Tier
Edelhirsch,nomen,Tier
Brutstätte,nomen,natGegenstand
Safran,nomen,Pflanze
Auftrieb,nomen,natPhaenomen
Schmerling,nomen,Pflanze
Azalee,nomen,Pflanze
Fichtennadel,nomen,Pflanze
Wanderfalke,nomen,Tier
Waschbär,nomen,Tier
Federkraft,nomen,natPhaenomen
Opfertod,nomen,natPhaenomen
Mistral,nomen,natPhaenomen
Gegenwind,nomen,natPhaenomen
Felsentor,nomen,natGegenstand
Hydra,nomen,Tier
Frischling,nomen,Tier
Halbblut,nomen,Tier
Viole,nomen,Pflanze
Pfingstrose,nomen,Pflanze
Windröschen,nomen,Pflanze
Saurier,nomen,Tier
Mehlwurm,nomen,Tier
Achat,nomen,natGegenstand
Mahagoni,nomen,natGegenstand
Humus,nomen,natGegenstand
anleuchten,verben,natPhaenomen
Alraun,nomen,Pflanze
Erdschicht,nomen,natGegenstand
Vanille,nomen,Pflanze
Resonanz,nomen,natPhaenomen
Türkis,nomen,natGegenstand
Heilkraut,nomen,Pflanze
Dornstrauch,nomen,Pflanze
Beutler,nomen,Tier
Ringelnatter,nomen,Tier
Lichtwelle,nomen,natPhaenomen
Seesturm,nomen,natPhaenomen
Flöz,nomen,natGegenstand
Matsch,nomen,natGegenstand
Wasserschlange,nomen,Tier
Lichthof,nomen,natPhaenomen
Waldbewohner,nomen,Tier
Schlangenkopf,nomen,Tier
Opossum,nomen,Tier
Weidenzweig,nomen,Pflanze
Nadelbaum,nomen,Pflanze
Schnock,nomen,Tier
Karausche,nomen,Tier
Trauermantel,nomen,Tier
Stichflamme,nomen,natPhaenomen
Lichtreflex,nomen,natPhaenomen
Märtyrertod,nomen,natPhaenomen
Sommerwetter,nomen,natPhaenomen
Miasma,nomen,natPhaenomen
Schlupf,nomen,natPhaenomen
Hülsenfrucht,nomen,Pflanze
Sesam,nomen,Pflanze
Kabeljau,nomen,Tier
Quinte,nomen,natPhaenomen
Zustrom,nomen,natPhaenomen
Düsternis,nomen,natPhaenomen
Bambusstab,nomen,Pflanze
Blütenknospe,nomen,Pflanze
Kirschblüte,nomen,natPhaenomen Pflanze
Molosser,nomen,Tier
Blaumeise,nomen,Tier
Königstiger,nomen,Tier
Steinadler,nomen,Tier
Grashüpfer,nomen,Tier
Sommerregen,nomen,natPhaenomen
Bimsstein,nomen,natGegenstand
Rhabarber,nomen,Pflanze
Lindenblatt,nomen,Pflanze
Feuerbohne,nomen,Pflanze
Herbstblatt,nomen,Pflanze
Lorbeerzweig,nomen,Pflanze
Augentrost,nomen,Pflanze
Hahnenfuß,nomen,Pflanze
Hirschkäfer,nomen,Tier
Kentaur,nomen,Tier
Terrier,nomen,Tier
Sprotte,nomen,Tier
Flamingo,nomen,Tier
Buntspecht,nomen,Tier
Pinscher,nomen,Tier
Mondfinsternis,nomen,natPhaenomen
Osterfeuer,nomen,natPhaenomen
Blitzlicht,nomen,natPhaenomen
Halbschatten,nomen,natPhaenomen
Felsklippe,nomen,natGegenstand
Fichtenholz,nomen,natGegenstand
diesig,adj,natPhaenomen
Brechung,nomen,natPhaenomen
Ordensstern,nomen,Pflanze
Haselstaude,nomen,Pflanze
Birkenrinde,nomen,Pflanze
Giftpflanze,nomen,Pflanze
Rosenblüte,nomen,natPhaenomen Pflanze
Rohrsänger,nomen,Tier
Rehwild,nomen,Tier
Trichine,nomen,Tier
Luftspiegelung,nomen,natPhaenomen
Frühnebel,nomen,natPhaenomen
Wellengang,nomen,natPhaenomen
Topas,nomen,natGegenstand
Steilwand,nomen,natGegenstand
Lapis,nomen,natGegenstand
zuwehen,verben,natPhaenomen
Königsstuhl,nomen,natGegenstand
Sardine,nomen,Tier
Schwalbenschwanz,nomen,Tier
Rhododendron,nomen,Pflanze
Wildsau,nomen,Tier
Philomele,nomen,Tier
Wasseramsel,nomen,Tier
Bienchen,nomen,Tier
Geißbock,nomen,Tier
Seefisch,nomen,Tier
Felsgrund,nomen,natGegenstand
Moorboden,nomen,natGegenstand
Gartenerde,nomen,natGegenstand
Haustein,nomen,natGegenstand
Mull,nomen,natGegenstand
Pelle,nomen,Pflanze
Früchtchen,nomen,Pflanze
Ventilation,nomen,natPhaenomen
Taxus,nomen,Pflanze
Brombeerstrauch,nomen,Pflanze
Rosskastanie,nomen,Pflanze
Waldrebe,nomen,Pflanze
Olivenbaum,nomen,Pflanze
Zichorie,nomen,Pflanze
Dachshund,nomen,Tier
Füchsin,nomen,Tier
Schleie,nomen,Tier
Menschenaffe,nomen,Tier
Blattlaus,nomen,Tier
Singschwan,nomen,Tier
Bekassine,nomen,Tier
Birkhuhn,nomen,Tier
Meeresbrandung,nomen,natPhaenomen
Muttererde,nomen,natGegenstand
wegschmelzen,verben,natPhaenomen
kristallisieren,verben,natPhaenomen
Quitte,nomen,Pflanze
Wühler,nomen,Tier
Bärentatze,nomen,Pflanze
Vogelbeere,nomen,Pflanze
Holzstamm,nomen,Pflanze
Vogelwelt,nomen,Tier
Kondor,nomen,Tier
Wildeber,nomen,Tier
Tanzbär,nomen,Tier
Sattelpferd,nomen,Tier
Drachenkopf,nomen,Tier
Rohrdommel,nomen,Tier
Dickhäuter,nomen,Tier
Lichtblitz,nomen,natPhaenomen
Erdklumpen,nomen,natGegenstand
Bruchstein,nomen,natGegenstand
Schellack,nomen,natGegenstand
Lapislazuli,nomen,natGegenstand
Koks,nomen,natGegenstand
Erdmännchen,nomen,Tier
Wunderlampe,nomen,Tier
Osterglocke,nomen,Pflanze
Blütenzweig,nomen,Pflanze
Entlein,nomen,Tier
Strumpfwirker,nomen,Tier
Pfauenauge,nomen,Tier
Goldkäfer,nomen,Tier
Regenpfeifer,nomen,Tier
Wasserkraft,nomen,natPhaenomen
Rheinfall,nomen,natPhaenomen
Zedernholz,nomen,natGegenstand
Lindenholz,nomen,natGegenstand
Nilschlamm,nomen,natGegenstand
aufglühen,verben,natPhaenomen
fischreich,adj,natPhaenomen
Gegenströmung,nomen,natPhaenomen
überhitzen,verben,natPhaenomen
Nullpunkt,nomen,natPhaenomen
Nährboden,nomen,natGegenstand
Kuckucksei,nomen,Tier
Fruchtschale,nomen,Pflanze
Huflattich,nomen,Pflanze
Sandelholz,nomen,Pflanze
Mittagsonne,nomen,natPhaenomen
Kulturland,nomen,natGegenstand
Trampeltier,nomen,Tier
Ohrwurm,nomen,Tier
Lupine,nomen,Pflanze
Zitronenbaum,nomen,Pflanze
Schnake,nomen,Tier
Assel,nomen,Tier
Biberratte,nomen,Tier
Minotaurus,nomen,Tier
Fischreiher,nomen,Tier
Raubfisch,nomen,Tier
Knack,nomen,natPhaenomen
Rosenholz,nomen,natGegenstand
Feuerholz,nomen,natGegenstand
Holzplanke,nomen,natGegenstand
parkähnlich,adj,natPhaenomen
Spottdrossel,nomen,Tier
Abort,nomen,natPhaenomen
Weidenröschen,nomen,Pflanze
Edelkastanie,nomen,Pflanze
Haselstrauch,nomen,Pflanze
Lotusblume,nomen,Pflanze
Buchenzweig,nomen,Pflanze
Rotschwänzchen,nomen,Tier
Rabenkrähe,nomen,Tier
Drohn,nomen,Tier
Äsche,nomen,Tier
Schwarzwild,nomen,Tier
Eigenleben,nomen,natPhaenomen
Sommersonnenwende,nomen,natPhaenomen
Winterwetter,nomen,natPhaenomen
Moräne,nomen,natGegenstand
Geröllhalde,nomen,natGegenstand
Kolophonium,nomen,natGegenstand
Meerrettich,nomen,Pflanze
Quarte,nomen,natPhaenomen
Frauenhaar,nomen,Pflanze
Wildrose,nomen,Pflanze
Wollgras,nomen,Pflanze
Rotbuche,nomen,Pflanze
Phlox,nomen,Pflanze
Maiskorn,nomen,Pflanze
Runkel,nomen,Pflanze
Totenvogel,nomen,Tier
Böckchen,nomen,Tier
Polizeihund,nomen,Tier
Eichelhäher,nomen,Tier
Saatkrähe,nomen,Tier
Nagetier,nomen,Tier
Rassepferd,nomen,Tier
Kolkrabe,nomen,Tier
Fehlgeburt,nomen,natPhaenomen
Nebelbank,nomen,natPhaenomen
Mahagoniholz,nomen,natGegenstand
Kohlenmeiler,nomen,natGegenstand
unbewohnbar,adj,natPhaenomen
Frequenz,nomen,natPhaenomen
Massiv,nomen,natGegenstand
Platzhirsch,nomen,Tier
Falkenauge,nomen,natGegenstand
Preiselbeere,nomen,Pflanze
Morchel,nomen,Pflanze
Kirschkern,nomen,Pflanze
Eichenbaum,nomen,Pflanze
Lotos,nomen,Pflanze
Faulbaum,nomen,Pflanze
Zerberus,nomen,Tier
Hohltaube,nomen,Tier
Feenkönigin,nomen,Tier
Borkenkäfer,nomen,Tier
Schellfisch,nomen,Tier
Flusspferd,nomen,Tier
Muttertier,nomen,Tier
Muli,nomen,Tier
Steinquader,nomen,natGegenstand
Birkenholz,nomen,natGegenstand
Tropfstein,nomen,natGegenstand
Grundstoff,nomen,natGegenstand
Lauch,nomen,Pflanze
Höhlenbewohner,nomen,Tier
Emission,nomen,natPhaenomen
Holzbock,nomen,Tier
Stachelbeerstrauch,nomen,Pflanze
Ringelblume,nomen,Pflanze
Topfpflanze,nomen,Pflanze
Birkenlaub,nomen,Pflanze
Kopfweide,nomen,Pflanze
Alpenveilchen,nomen,Pflanze
Weidenkätzchen,nomen,Pflanze
Walnussbaum,nomen,Pflanze
Singdrossel,nomen,Tier
Sackträger,nomen,Tier
Wasserjungfer,nomen,Tier
Zugochse,nomen,Tier
Spiegelkarpfen,nomen,Tier
Bison,nomen,Tier
Perlmuschel,nomen,Tier
Winterfrost,nomen,natPhaenomen
Gezeiten,nomen,natPhaenomen
Röntgenstrahl,nomen,natPhaenomen
Südwestwind,nomen,natPhaenomen
Tragkraft,nomen,natPhaenomen
Eschenholz,nomen,natGegenstand
waldreich,adj,natPhaenomen
Öldruck,nomen,natPhaenomen
Wolfsmilch,nomen,Pflanze
Setzling,nomen,Pflanze Tier
Waldvöglein,nomen,Pflanze
Palmenwedel,nomen,Pflanze
Katzenpfötchen,nomen,Pflanze
Nestling,nomen,Tier
Bakterium,nomen,Tier
Mutterschaf,nomen,Tier
Haselmaus,nomen,Tier
Ai,nomen,Tier
Edelmarder,nomen,Tier
Widerklang,nomen,natPhaenomen
Schlaglicht,nomen,natPhaenomen
Nordwestwind,nomen,natPhaenomen
Kometenschweif,nomen,natPhaenomen
Körperwärme,nomen,natPhaenomen
durchstrahlen,verben,natPhaenomen
Konglomerat,nomen,natGegenstand
Storchschnabel,nomen,Pflanze
Solitär,nomen,natGegenstand
Fliegenpilz,nomen,Pflanze
Feuerlilie,nomen,Pflanze
Tamariske,nomen,Pflanze
Bilsenkraut,nomen,Pflanze
Baumläufer,nomen,Tier
Stöcker,nomen,Tier
Auerochse,nomen,Tier
Sittich,nomen,Tier
Schneegans,nomen,Tier
Seidenraupe,nomen,Tier
Schwarzdrossel,nomen,Tier
Raubwürger,nomen,Tier
Siebengestirn,nomen,natPhaenomen
Guano,nomen,natGegenstand
Halbedelstein,nomen,natGegenstand
Kleinholz,nomen,natGegenstand
Marmorstein,nomen,natGegenstand
hineinleuchten,verben,natPhaenomen
sternklar,adj,natPhaenomen
Afghane,nomen,Tier
Frühgeburt,nomen,natPhaenomen
schauern,verben,natPhaenomen
Blesse,nomen,Tier
Durchschlag,nomen,natPhaenomen
Brecher,nomen,natPhaenomen
Kerner,nomen,Pflanze
Mistel,nomen,Pflanze
Akelei,nomen,Pflanze
Färbermeister,nomen,Pflanze
Torfmoos,nomen,Pflanze
Braunelle,nomen,Pflanze Tier
Gelege,nomen,Tier
Dassel,nomen,Tier
Raubwild,nomen,Tier
Bärchen,nomen,Tier
Froschlaich,nomen,Tier
Wiederkäuer,nomen,Tier
Ochsenfrosch,nomen,Tier
Seetier,nomen,Tier
Abendgrauen,nomen,natPhaenomen
Herzton,nomen,natPhaenomen
Hickory,nomen,natGegenstand
Buchenholz,nomen,natGegenstand
bergisch,adj,natPhaenomen
verschlammen,verben,natPhaenomen
Zugkraft,nomen,natPhaenomen
Zicke,nomen,Tier
Lein,nomen,Pflanze
Astgabel,nomen,Pflanze
Mispel,nomen,Pflanze
Orangenschale,nomen,Pflanze
Sumpfpflanze,nomen,Pflanze
Tulpenbaum,nomen,Pflanze
Maiblume,nomen,Pflanze
Strandläufer,nomen,Tier
Basset,nomen,Tier
Ortolan,nomen,Tier
Charolais,nomen,Tier
Wärmegrad,nomen,natPhaenomen
Hurrikan,nomen,natPhaenomen
Strahlung,nomen,natPhaenomen
Monsun,nomen,natPhaenomen
Storchennest,nomen,natGegenstand
Holzstückchen,nomen,natGegenstand
Gneis,nomen,natGegenstand
Unterströmung,nomen,natPhaenomen
Anis,nomen,Pflanze
Norne,nomen,Pflanze
Brüllaffe,nomen,Tier
Urgestein,nomen,natGegenstand
Spektrum,nomen,natPhaenomen
Teufelskralle,nomen,Pflanze
Strandhafer,nomen,Pflanze
Zwetschgenbaum,nomen,Pflanze
Dornengestrüpp,nomen,Pflanze
Sauerklee,nomen,Pflanze
Rotschwanz,nomen,Tier
Orang-Utan,nomen,Tier
Dobermann,nomen,Tier
Wachhund,nomen,Tier
Heidelerche,nomen,Tier
Ren,nomen,Tier
Guanako,nomen,Tier
Schwertträger,nomen,Tier
Damhirsch,nomen,Tier
Wolkenmeer,nomen,natPhaenomen
Strichregen,nomen,natPhaenomen
Tropenklima,nomen,natPhaenomen
Gefrierpunkt,nomen,natPhaenomen
Halbton,nomen,natPhaenomen
Fossil,nomen,natGegenstand
Scheitholz,nomen,natGegenstand
Schrofen,nomen,natGegenstand
gleißen,verben,natPhaenomen
Grünkohl,nomen,Pflanze
Kohlrabi,nomen,Pflanze
Languste,nomen,Tier
Rückstoß,nomen,natPhaenomen
Haftung,nomen,natPhaenomen
Zuckerrübe,nomen,Pflanze
Tännchen,nomen,Pflanze
Kreuzdorn,nomen,Pflanze
Mangobaum,nomen,Pflanze
Teerose,nomen,Pflanze
Schafgarbe,nomen,Pflanze
Vogelbeerbaum,nomen,Pflanze
Hauswurz,nomen,Pflanze
Nachtviole,nomen,Pflanze
Steinschmätzer,nomen,Tier
Krähenvogel,nomen,Tier
Tausendfüßler,nomen,Tier
Langohr,nomen,Tier
Schwarzstorch,nomen,Tier
Nager,nomen,Tier
Mastodon,nomen,Tier
Lebensenergie,nomen,natPhaenomen
Blizzard,nomen,natPhaenomen
Sonnenstrahlung,nomen,natPhaenomen
Erdschatten,nomen,natPhaenomen
Baumblüte,nomen,natPhaenomen
Jahresring,nomen,natPhaenomen
Schneelawine,nomen,natPhaenomen
Sandkörnchen,nomen,natGegenstand
Granitstein,nomen,natGegenstand
Eichenbohle,nomen,natGegenstand
Randstein,nomen,natGegenstand
lohen,verben,natPhaenomen
Mangrove,nomen,Pflanze
Dinkel,nomen,Pflanze
hereinschneien,verben,natPhaenomen
Reduktion,nomen,natPhaenomen
Hochdruck,nomen,natPhaenomen
Drohne,nomen,Tier
Geranium,nomen,Pflanze
Holzapfel,nomen,Pflanze
Schachtelhalm,nomen,Pflanze
Luftwurzel,nomen,Pflanze
Beerenstrauch,nomen,Pflanze
Schlachttier,nomen,Tier
Termite,nomen,Tier
Feldlerche,nomen,Tier
Zecke,nomen,Tier
Frettchen,nomen,Tier
Mungo,nomen,Tier
Wolkenbildung,nomen,natPhaenomen
Gaswolke,nomen,natPhaenomen
Eos,nomen,natPhaenomen
Wasserdruck,nomen,natPhaenomen
Mahlstein,nomen,natGegenstand
Kamee,nomen,natGegenstand
orkanartig,adj,natPhaenomen
Wendehals,nomen,Tier
Drachenblut,nomen,natGegenstand
Hochspannung,nomen,natPhaenomen
Buchsbaumhecke,nomen,Pflanze
Reseda,nomen,Pflanze
Wunderbaum,nomen,Pflanze
Waid,nomen,Pflanze
Beifuß,nomen,Pflanze
Quecke,nomen,Pflanze
Kamille,nomen,Pflanze
Saumtier,nomen,Tier
Stubenfliege,nomen,Tier
Kleiber,nomen,Tier
Heupferd,nomen,Tier
Haubenlerche,nomen,Tier
Damwild,nomen,Tier
Laich,nomen,Tier
Mauersegler,nomen,Tier
Dorngrasmücke,nomen,Tier
Schafbock,nomen,Tier
Stallhase,nomen,Tier
Jagdfalke,nomen,Tier
Siedepunkt,nomen,natPhaenomen
Deichbruch,nomen,natPhaenomen
Marschtempo,nomen,natPhaenomen
Kreuzestod,nomen,natPhaenomen
Cis,nomen,natPhaenomen
Eierlegen,nomen,natPhaenomen
Oberton,nomen,natPhaenomen
Südostwind,nomen,natPhaenomen
Glasstein,nomen,natGegenstand
Kirschbaumholz,nomen,natGegenstand
Stammholz,nomen,natGegenstand
Fenchel,nomen,Pflanze
Makrele,nomen,Tier
Thunfisch,nomen,Tier
Arbeitstier,nomen,Tier
Brillenschlange,nomen,Tier
Fokus,nomen,natPhaenomen
Vogelkopf,nomen,Pflanze
Spreite,nomen,Pflanze
Seidelbast,nomen,Pflanze
Alleebaum,nomen,Pflanze
Wasserpest,nomen,Pflanze
Belladonna,nomen,Pflanze
Zierstrauch,nomen,Pflanze
Farnwedel,nomen,Pflanze
Minze,nomen,Pflanze
Teichrose,nomen,Pflanze
Ahornblatt,nomen,Pflanze
Kuhschelle,nomen,Pflanze
Walross,nomen,Tier
Gepard,nomen,Tier
Trakehner,nomen,Tier
Python,nomen,Tier
Dinosaurier,nomen,Tier
Rauchschwalbe,nomen,Tier
Spechtmeise,nomen,Tier
Fabeltier,nomen,Tier
Hinde,nomen,Tier
Lieblingspferd,nomen,Tier
Laufkäfer,nomen,Tier
Schimpanse,nomen,Tier
Meeresströmung,nomen,natPhaenomen
Golfstrom,nomen,natPhaenomen
Überflutung,nomen,natPhaenomen
Passat,nomen,natPhaenomen
Braunkohle,nomen,natGegenstand
Sonnenstein,nomen,natGegenstand
Nordwand,nomen,natGegenstand
Eckstein,nomen,natGegenstand
Ahornholz,nomen,natGegenstand
Meteorit,nomen,natGegenstand
wildwachsend,adj,natPhaenomen
Seezunge,nomen,Tier
Frauenschuh,nomen,Pflanze
Weißtanne,nomen,Pflanze
Buchenblatt,nomen,Pflanze
Immortelle,nomen,Pflanze
Zierpflanze,nomen,Pflanze
Luzerne,nomen,Pflanze
Amaryllis,nomen,Pflanze
Palmwedel,nomen,Pflanze
Kleingetier,nomen,Tier
Nautilus,nomen,Tier
Weinbergschnecke,nomen,Tier
Arbeitspferd,nomen,Tier
Ameisenbär,nomen,Tier
Egel,nomen,Tier
Herdentier,nomen,Tier
Angorakatze,nomen,Tier
Haselhuhn,nomen,Tier
Turmschwalbe,nomen,Tier
Nisse,nomen,Tier
Geistchen,nomen,Tier
Seeungeheuer,nomen,Tier
Ralle,nomen,Tier
Wasserfrosch,nomen,Tier
Polarnacht,nomen,natPhaenomen
Erdöl,nomen,natGegenstand
Tonerde,nomen,natGegenstand
Jade,nomen,natGegenstand
Klinker,nomen,natGegenstand
wolkenverhangen,adj,natPhaenomen
Droge,nomen,natGegenstand
Grus,nomen,natGegenstand
Marone,nomen,Pflanze
Primat,nomen,Tier
Dynamik,nomen,natPhaenomen
Steinbrech,nomen,Pflanze
Lattich,nomen,Pflanze
Getreidekorn,nomen,Pflanze
Spelze,nomen,Pflanze
Hängebirke,nomen,Pflanze
Steckling,nomen,Pflanze
Meltau,nomen,Pflanze
Schmarotzerpflanze,nomen,Pflanze
Feuerschwamm,nomen,Pflanze
Hederich,nomen,Pflanze
Sturmhut,nomen,Pflanze
Fichtenzapfen,nomen,Pflanze
Ölpalme,nomen,Pflanze
Liguster,nomen,Pflanze
Portugieser,nomen,Pflanze
Rübsen,nomen,Pflanze
Rattler,nomen,Tier
Wasserspitzmaus,nomen,Tier
Gabelbock,nomen,Tier
Enterich,nomen,Tier
Schreiadler,nomen,Tier
Himmelsziege,nomen,Tier
Dingo,nomen,Tier
Totenuhr,nomen,Tier
Waldohreule,nomen,Tier
Wapiti,nomen,Tier
Rampenlicht,nomen,natPhaenomen
Erstickungstod,nomen,natPhaenomen
Granitwand,nomen,natGegenstand
Mutterboden,nomen,natGegenstand
spätsommerlich,adj,natPhaenomen
Mikrokosmos,nomen,natPhaenomen
Seeteufel,nomen,Tier
hineinblasen,verben,natPhaenomen
Bourdon,nomen,natPhaenomen
Gegenkraft,nomen,natPhaenomen
Palmenblatt,nomen,Pflanze
Eichenblatt,nomen,Pflanze
Passionsblume,nomen,Pflanze
Saatgut,nomen,Pflanze
Milchsaft,nomen,Pflanze
Schilfgras,nomen,Pflanze
Kernholz,nomen,Pflanze
Ecker,nomen,Pflanze
Holunderblüte,nomen,Pflanze
Zitteraal,nomen,Tier
Vollblüter,nomen,Tier
Vollblutpferd,nomen,Tier
Rohrweihe,nomen,Tier
Wachtelhund,nomen,Tier
Schwertfisch,nomen,Tier
Ameisenlöwe,nomen,Tier
Piepmatz,nomen,Tier
Breme,nomen,Tier
Weisel,nomen,Tier
Riesenspinne,nomen,Tier
Fischbrut,nomen,Tier
Waldschnepfe,nomen,Tier
Alk,nomen,Tier
Versuchstier,nomen,Tier
Laubvogel,nomen,Tier
Federwild,nomen,Tier
Hühnerhabicht,nomen,Tier
Packpferd,nomen,Tier
Silbermöwe,nomen,Tier
Seepferdchen,nomen,Tier
Seepferd,nomen,Tier
Sonnenwind,nomen,natPhaenomen
Luftbewegung,nomen,natPhaenomen
Föhnwind,nomen,natPhaenomen
Bergrutsch,nomen,natPhaenomen
Böe,nomen,natPhaenomen
Basston,nomen,natPhaenomen
Winddruck,nomen,natPhaenomen
Karneol,nomen,natGegenstand
Klei,nomen,natGegenstand
Quaderstein,nomen,natGegenstand
Nutzholz,nomen,natGegenstand
Hartholz,nomen,natGegenstand
einregnen,verben,natPhaenomen
Arnika,nomen,Pflanze
Sepia,nomen,Tier
Zander,nomen,Tier
Einzelgänger,nomen,Tier
Säger,nomen,Tier
Nerz,nomen,Tier
Erstickung,nomen,natPhaenomen
Drift,nomen,natPhaenomen
Obstschale,nomen,Pflanze
Akazienbaum,nomen,Pflanze
Bananenstaude,nomen,Pflanze
Belaubung,nomen,natPhaenomen Pflanze
Eichenzweig,nomen,Pflanze
Bananenblatt,nomen,Pflanze
Yams,nomen,Pflanze
Schaumkraut,nomen,Pflanze
Skunk,nomen,Tier
Fischadler,nomen,Tier
Marienkäfer,nomen,Tier
Schmerle,nomen,Tier
Zugpferd,nomen,Tier
Knurrhahn,nomen,Tier
Feuerwalze,nomen,Tier
Hirschkalb,nomen,Tier
Fliegenschnäpper,nomen,Tier
Kaiman,nomen,Tier
Kropfgans,nomen,Tier
Firnschnee,nomen,natPhaenomen
Sonnwendfeuer,nomen,natPhaenomen
Flammentod,nomen,natPhaenomen
Moorerde,nomen,natGegenstand
Holzbohle,nomen,natGegenstand
Brutplatz,nomen,natGegenstand
ausglühen,verben,natPhaenomen
Argonaut,nomen,Tier
Versuchskaninchen,nomen,Tier
Krebsschere,nomen,Pflanze
Klamotte,nomen,natGegenstand
Zittergras,nomen,Pflanze
Gladiole,nomen,Pflanze
Aronstab,nomen,Pflanze
Jute,nomen,Pflanze
Labkraut,nomen,Pflanze
Pollen,nomen,Pflanze
Mauerpfeffer,nomen,Pflanze
Olivenzweig,nomen,Pflanze
Efeublatt,nomen,Pflanze
Bananenschale,nomen,Pflanze
Eichenrinde,nomen,Pflanze
Baobab,nomen,Pflanze
Wassergeflügel,nomen,Tier
Mastschwein,nomen,Tier
Misteldrossel,nomen,Tier
Wachtelkönig,nomen,Tier
Blaukehlchen,nomen,Tier
Austernfischer,nomen,Tier
Steinmarder,nomen,Tier
Gürteltier,nomen,Tier
Jungvogel,nomen,Tier
Felchen,nomen,Tier
Kavalleriepferd,nomen,Tier
Ichthyosaurus,nomen,Tier
Kobra,nomen,Tier
Beutetier,nomen,Tier
Rohrammer,nomen,Tier
Dalmatiner,nomen,Tier
Milbe,nomen,Tier
Tatzelwurm,nomen,Tier
Dammbruch,nomen,natPhaenomen
Sandsturm,nomen,natPhaenomen
Hagelsturm,nomen,natPhaenomen
Sog,nomen,natPhaenomen
Windhose,nomen,natPhaenomen
Zentrifugalkraft,nomen,natPhaenomen
Nebengeräusch,nomen,natPhaenomen
Katalyse,nomen,natPhaenomen
Tornado,nomen,natPhaenomen
Passatwind,nomen,natPhaenomen
Wüstenboden,nomen,natGegenstand
Eiswand,nomen,natGegenstand
Felskegel,nomen,natGegenstand
Erzlager,nomen,natGegenstand
Spanner,nomen,Tier
Widerspiegelung,nomen,natPhaenomen
Sonnenhut,nomen,Pflanze
Signallicht,nomen,natPhaenomen
Trollblume,nomen,Pflanze
Laubblatt,nomen,Pflanze
Macchie,nomen,Pflanze
Päonie,nomen,Pflanze
Pfirsichbaum,nomen,Pflanze
Dolde,nomen,Pflanze
Habichtskraut,nomen,Pflanze
Adlerfarn,nomen,Pflanze
Johanniskraut,nomen,Pflanze
Magnolie,nomen,Pflanze
Mohnsaft,nomen,Pflanze
Blumenranke,nomen,Pflanze
Grassamen,nomen,Pflanze
Sumpfdotterblume,nomen,Pflanze
Zwergmaus,nomen,Tier
Weidevieh,nomen,Tier
Ziegenmelker,nomen,Tier
Bartgeier,nomen,Tier
Uferschwalbe,nomen,Tier
Tümmler,nomen,Tier
Stockente,nomen,Tier
Kohlweißling,nomen,Tier
Halbaffe,nomen,Tier
Bienenkönigin,nomen,Tier
Triel,nomen,Tier
Haubentaucher,nomen,Tier
Hausmaus,nomen,Tier
Bläuling,nomen,Tier
Mikrobe,nomen,Tier
Schneehase,nomen,Tier
Raubkäfer,nomen,Tier
Harpyie,nomen,Tier
Pillendreher,nomen,Tier
Leonberger,nomen,Tier
Färse,nomen,Tier
Kaisermantel,nomen,Tier
Blaufuchs,nomen,Tier
Beuteltier,nomen,Tier
Engerling,nomen,Tier
Kakerlak,nomen,Tier
Riesenschildkröte,nomen,Tier
Meerungeheuer,nomen,Tier
Angorakaninchen,nomen,Tier
Welfe,nomen,Tier
Welpe,nomen,Tier
Stimmton,nomen,natPhaenomen
Regenfall,nomen,natPhaenomen
Plejaden,nomen,natPhaenomen
Donnergrollen,nomen,natPhaenomen
Wasserstrudel,nomen,natPhaenomen
Fällung,nomen,natPhaenomen
Stoßkraft,nomen,natPhaenomen
Großfeuer,nomen,natPhaenomen
Winterregen,nomen,natPhaenomen
Holzkohlenfeuer,nomen,natPhaenomen
Torffeuer,nomen,natPhaenomen
Stalaktit,nomen,natGegenstand
Seeboden,nomen,natGegenstand
Kiesboden,nomen,natGegenstand
Oberboden,nomen,natGegenstand
schneereich,adj,natPhaenomen
Nordnordost,nomen,natPhaenomen
Exot,nomen,Tier
Septime,nomen,natPhaenomen
Aufwind,nomen,natPhaenomen
Durchschlagskraft,nomen,natPhaenomen
Muffel,nomen,Tier
Moosbeere,nomen,Pflanze
Giftpilz,nomen,Pflanze
Waldweide,nomen,Pflanze
Walderdbeere,nomen,Pflanze
Teeblatt,nomen,Pflanze
Siebenstern,nomen,Pflanze
Alpenpflanze,nomen,Pflanze
Emmer,nomen,Pflanze
Tabakblatt,nomen,Pflanze
Frauenmantel,nomen,Pflanze
Sonnenblumenkern,nomen,Pflanze
Korkeiche,nomen,Pflanze
Affenbrotbaum,nomen,Pflanze
Blumenzwiebel,nomen,Pflanze
Kleinvieh,nomen,Tier
Muräne,nomen,Tier
Kreuzkröte,nomen,Tier
Wasserkäfer,nomen,Tier
Schwimmkäfer,nomen,Tier
Wühlmaus,nomen,Tier
Petermännchen,nomen,Tier
Wanderratte,nomen,Tier
Zirkuspferd,nomen,Tier
Setter,nomen,Tier
Mauerschwalbe,nomen,Tier
Rosenkäfer,nomen,Tier
Seekuh,nomen,Tier
Rehkitz,nomen,Tier
Windströmung,nomen,natPhaenomen
Orgelpunkt,nomen,natPhaenomen
Unterdruck,nomen,natPhaenomen
Gedankenübertragung,nomen,natPhaenomen
Mure,nomen,natPhaenomen
Lichtgeschwindigkeit,nomen,natPhaenomen
Felsstein,nomen,natGegenstand
Krähennest,nomen,natGegenstand
Schuttkegel,nomen,natGegenstand
Erdkruste,nomen,natGegenstand
Altholz,nomen,natGegenstand
Aquamarin,nomen,natGegenstand
Lärchenholz,nomen,natGegenstand
Chrysopras,nomen,natGegenstand
Bordstein,nomen,natGegenstand
blattlos,adj,natPhaenomen
fruchttragend,adj,natPhaenomen
Erdscheibe,nomen,Pflanze
Rotkohl,nomen,Pflanze
Beluga,nomen,Tier
Kappes,nomen,Pflanze
Abstoßung,nomen,natPhaenomen
Generationswechsel,nomen,natPhaenomen
Naturton,nomen,natPhaenomen
Baumwollsamen,nomen,Pflanze
Kornähre,nomen,Pflanze
Schuppenwurz,nomen,Pflanze
Ampfer,nomen,Pflanze
Stielchen,nomen,Pflanze
Ysop,nomen,Pflanze
Aurikel,nomen,Pflanze
Blutströpfchen,nomen,Pflanze
Kreuzkraut,nomen,Pflanze
Wasserhahnenfuß,nomen,Pflanze
Lotosblüte,nomen,Pflanze
Nachtkerze,nomen,Pflanze
Dornenstrauch,nomen,Pflanze
Grünling,nomen,Pflanze Tier
Einsiedlerkrebs,nomen,Tier
Stinktier,nomen,Tier
Nacktschnecke,nomen,Tier
Schiffsboot,nomen,Tier
Bologneser,nomen,Tier
Midgardschlange,nomen,Tier
Käferlarve,nomen,Tier
Jungtier,nomen,Tier
Stint,nomen,Tier
Ichthyosaurier,nomen,Tier
Vorstehhund,nomen,Tier
Mückenlarve,nomen,Tier
Wildgeflügel,nomen,Tier
Kriegselefant,nomen,Tier
Baummarder,nomen,Tier
Riesenwelle,nomen,natPhaenomen
Landwind,nomen,natPhaenomen
Mündungsfeuer,nomen,natPhaenomen
Nebensonne,nomen,natPhaenomen
Windstärke,nomen,natPhaenomen
Brausen,nomen,natPhaenomen
Erdwärme,nomen,natPhaenomen
Hitzewelle,nomen,natPhaenomen
Blumenerde,nomen,natGegenstand
Furnier,nomen,natGegenstand
Kulturboden,nomen,natGegenstand
Turmalin,nomen,natGegenstand
hochsommerlich,adj,natPhaenomen
Substrat,nomen,natGegenstand
Kochsalz,nomen,natGegenstand
Friktion,nomen,natPhaenomen
Pflanzensaft,nomen,Pflanze
Mehlbeere,nomen,Pflanze
Krähenbeere,nomen,Pflanze
Telepathie,nomen,natPhaenomen
Flaute,nomen,natPhaenomen
Wasserwelle,nomen,natPhaenomen
Kreuzblume,nomen,Pflanze
Steinbohrer,nomen,Tier
Pflanzenreich,nomen,Pflanze
Birkenzweig,nomen,Pflanze
Orchis,nomen,Pflanze
Blasentang,nomen,Pflanze
Kiefernnadel,nomen,Pflanze
Reiskorn,nomen,Pflanze
Wurzelballen,nomen,Pflanze
Nieswurz,nomen,Pflanze
Edelrose,nomen,Pflanze
Tamarinde,nomen,Pflanze
Tamarindenbaum,nomen,Pflanze
Melisse,nomen,Pflanze
Staubfaden,nomen,Pflanze
Wegwarte,nomen,Pflanze
Traubenkirsche,nomen,Pflanze
Maulbeere,nomen,Pflanze
Mistelzweig,nomen,Pflanze
Hungerblümchen,nomen,Pflanze
Lichtnelke,nomen,Pflanze
Nutzpflanze,nomen,Pflanze
Gallapfel,nomen,Pflanze
Hartriegel,nomen,Pflanze
Stechapfel,nomen,Pflanze
Piranha,nomen,Tier
Truthenne,nomen,Tier
Insektenwelt,nomen,Tier
Grasfrosch,nomen,Tier
Papillon,nomen,Tier
Beißer,nomen,Tier
Bachforelle,nomen,Tier
Bockkäfer,nomen,Tier
Uräusschlange,nomen,Tier
Zippe,nomen,Tier
Kerbtier,nomen,Tier
Fleischfresser,nomen,Tier
Breitling,nomen,Tier
Schillerfalter,nomen,Tier
Brandmaus,nomen,Tier
Blauracke,nomen,Tier
Großwild,nomen,Tier
Archäopteryx,nomen,Tier
Seidenspinner,nomen,Tier
Feldhase,nomen,Tier
Wassertier,nomen,Tier
Uferläufer,nomen,Tier
Küchenschabe,nomen,Tier
Kriechtier,nomen,Tier
Sonnenstern,nomen,Tier
Wildvogel,nomen,Tier
Haflinger,nomen,Tier
Wirbeltier,nomen,Tier
Schlupfwespe,nomen,Tier
Kleinvogel,nomen,Tier
Wildtier,nomen,Tier
Windstrom,nomen,natPhaenomen
Exitus,nomen,natPhaenomen
Windschatten,nomen,natPhaenomen
Federdruck,nomen,natPhaenomen
Erdrutsch,nomen,natPhaenomen
Seebeben,nomen,natPhaenomen
Brutgeschäft,nomen,natPhaenomen
Basaltfelsen,nomen,natGegenstand
Tuffstein,nomen,natGegenstand
Mondstein,nomen,natGegenstand
Sandsteinfelsen,nomen,natGegenstand
Kilometerstein,nomen,natGegenstand
Ostwand,nomen,natGegenstand
Glimmerschiefer,nomen,natGegenstand
Kiefernholz,nomen,natGegenstand
Grabenwand,nomen,natGegenstand
Lehmziegel,nomen,natGegenstand
Langholz,nomen,natGegenstand
vegetationslos,adj,natPhaenomen
frühlingshaft,adj,natPhaenomen
sonnenreich,adj,natPhaenomen
wildwuchernd,adj,natPhaenomen
kondensieren,verben,natPhaenomen
Schwade,nomen,natPhaenomen
Rizinus,nomen,Pflanze
Silberfuchs,nomen,Tier
Zyklon,nomen,natPhaenomen
Knöllchen,nomen,Pflanze
Transmission,nomen,natPhaenomen
Wiesenschaumkraut,nomen,Pflanze
Alpenflora,nomen,Pflanze
Knabenkraut,nomen,Pflanze
Schimmelpilz,nomen,Pflanze
Schwarzdorn,nomen,Pflanze
Märzveilchen,nomen,Pflanze
Futterrübe,nomen,Pflanze
Hochstamm,nomen,Pflanze
Rosenranke,nomen,Pflanze
Wachsblume,nomen,Pflanze
Sandrohr,nomen,Pflanze
Pestwurz,nomen,Pflanze
Wasserschierling,nomen,Pflanze
Schwingel,nomen,Pflanze
Gerberlohe,nomen,Pflanze
Birnenbaum,nomen,Pflanze
Blütendolde,nomen,Pflanze
Blätterkrone,nomen,Pflanze
Sinnpflanze,nomen,Pflanze
Dotterblume,nomen,Pflanze
Pfeifengras,nomen,Pflanze
Drosselrohrsänger,nomen,Tier
Tannenmeise,nomen,Tier
Riesenfaultier,nomen,Tier
Gabelweihe,nomen,Tier
Sprosser,nomen,Tier
Lippenbär,nomen,Tier
Jungfisch,nomen,Tier
Gottesanbeterin,nomen,Tier
Weberknecht,nomen,Tier
Erdkröte,nomen,Tier
Feuerkäfer,nomen,Tier
Mäusebussard,nomen,Tier
Flohkrebs,nomen,Tier
Silberfischchen,nomen,Tier
Paradepferd,nomen,Tier
Molluske,nomen,Tier
Kellerassel,nomen,Tier
Emu,nomen,Tier
Beagle,nomen,Tier
Moschusochse,nomen,Tier
Tsetsefliege,nomen,Tier
Kormoran,nomen,Tier
Isegrim,nomen,Tier
Rüsseltier,nomen,Tier
Mutterstute,nomen,Tier
Rüsselkäfer,nomen,Tier
Wasserläufer,nomen,Tier
Pfingstochse,nomen,Tier
Legehenne,nomen,Tier
Wacholderdrossel,nomen,Tier
Wegschnecke,nomen,Tier
Pferdeegel,nomen,Tier
Coyote,nomen,Tier
Schneeregen,nomen,natPhaenomen
Sexte,nomen,natPhaenomen
Grabeskälte,nomen,natPhaenomen
Leitton,nomen,natPhaenomen
Sonnenenergie,nomen,natPhaenomen
Aprilschauer,nomen,natPhaenomen
Wechselstrom,nomen,natPhaenomen
Rückenwind,nomen,natPhaenomen
Flusssand,nomen,natGegenstand
Fischgrund,nomen,natGegenstand
Zauberstein,nomen,natGegenstand
Kalkboden,nomen,natGegenstand
Felsformation,nomen,natGegenstand
Birnbaumholz,nomen,natGegenstand
Eisenstein,nomen,natGegenstand
Felsklotz,nomen,natGegenstand
Meteorstein,nomen,natGegenstand
Reisstroh,nomen,natGegenstand
wabern,verben,natPhaenomen
feuchtheiß,adj,natPhaenomen
Rotfuchs,nomen,Tier
zündeln,verben,natPhaenomen
Wirsing,nomen,Pflanze
Kuskus,nomen,Tier
Lemure,nomen,Tier
Tagundnachtgleiche,nomen,natPhaenomen
Zerrung,nomen,natPhaenomen
losplatzen,verben,natPhaenomen
Hauptton,nomen,natPhaenomen
Überdruck,nomen,natPhaenomen
Splint,nomen,Pflanze
Haselkätzchen,nomen,Pflanze
Gummiarabikum,nomen,Pflanze
Froschlöffel,nomen,Pflanze
Eigengewächs,nomen,Pflanze
Zitronenschale,nomen,Pflanze
Staubgefäß,nomen,Pflanze
Tulpenzwiebel,nomen,Pflanze
Winterroggen,nomen,Pflanze
Holler,nomen,Pflanze
Klatschmohn,nomen,Pflanze
Hauptast,nomen,Pflanze
Kletterpflanze,nomen,Pflanze
Esparsette,nomen,Pflanze
Pflanzensamen,nomen,Pflanze
Weltesche,nomen,Pflanze
Resede,nomen,Pflanze
Apfelschale,nomen,Pflanze
Nadelgehölz,nomen,Pflanze
Schmetterlingsblüte,nomen,Pflanze
Hackfrucht,nomen,Pflanze
Zierbaum,nomen,Pflanze
Kürbiskern,nomen,Pflanze
Türkenbund,nomen,Pflanze
Chinarinde,nomen,Pflanze
Laichkraut,nomen,Pflanze
Rainfarn,nomen,Pflanze
Zitterpappel,nomen,Pflanze
Pelztier,nomen,Tier
Springbock,nomen,Tier
Nashornkäfer,nomen,Tier
Seenadel,nomen,Tier
Raubkatze,nomen,Tier
Bergfink,nomen,Tier
Hopf,nomen,Tier
Rotauge,nomen,Tier
Höhlenlöwe,nomen,Tier
Sägefisch,nomen,Tier
Alttier,nomen,Tier
Fitis,nomen,Tier
Klippfisch,nomen,Tier
Maulwurfsgrille,nomen,Tier
Waran,nomen,Tier
Vogelspinne,nomen,Tier
Zuchthengst,nomen,Tier
Pflanzenfresser,nomen,Tier
Wildpferd,nomen,Tier
Ringdrossel,nomen,Tier
Elchwild,nomen,Tier
Waldeidechse,nomen,Tier
Meeresbewohner,nomen,Tier
Wasserfloh,nomen,Tier
Hühnervogel,nomen,Tier
Feuersalamander,nomen,Tier
Schnabeltier,nomen,Tier
Zwergtaucher,nomen,Tier
Schwebfliege,nomen,Tier
Winterkönig,nomen,Tier
Sommergewitter,nomen,natPhaenomen
Mittsommernacht,nomen,natPhaenomen
Meeresluft,nomen,natPhaenomen
Luftwirbel,nomen,natPhaenomen
Wasserwirbel,nomen,natPhaenomen
Urnebel,nomen,natPhaenomen
Seitenwind,nomen,natPhaenomen
Meeresleuchten,nomen,natPhaenomen
Grain,nomen,natPhaenomen
Bewölkung,nomen,natPhaenomen
Wüstensturm,nomen,natPhaenomen
Schneeschauer,nomen,natPhaenomen
Frühjahrssturm,nomen,natPhaenomen
Speichelfluss,nomen,natPhaenomen
Kalkgestein,nomen,natGegenstand
Felsenstein,nomen,natGegenstand
Bodengrund,nomen,natGegenstand
Eibenholz,nomen,natGegenstand
Schlammboden,nomen,natGegenstand
Muschelkalk,nomen,natGegenstand
hindurchscheinen,verben,natPhaenomen
umstrahlen,verben,natPhaenomen
baumreich,adj,natPhaenomen
moosig,adj,natPhaenomen
Dolomit,nomen,natGegenstand
Südsüdost,nomen,natPhaenomen
Saibling,nomen,Tier
Garnele,nomen,Tier
Seelachs,nomen,Tier
Tuff,nomen,natGegenstand
Sämerei,nomen,Pflanze
Turbulenz,nomen,natPhaenomen
Herzgespann,nomen,Pflanze
Ölfrucht,nomen,Pflanze
Froschbiss,nomen,Pflanze
Glockenheide,nomen,Pflanze
Wasserminze,nomen,Pflanze
Laubgehölz,nomen,Pflanze
Kakaobohne,nomen,Pflanze
Seitenzweig,nomen,Pflanze
Zierblume,nomen,Pflanze
Christrose,nomen,Pflanze
Rosmarinheide,nomen,Pflanze
Taubnessel,nomen,Pflanze
Bärenlauch,nomen,Pflanze
Wiesenschwingel,nomen,Pflanze
Arzneipflanze,nomen,Pflanze
Araukarie,nomen,Pflanze
Pfahlwurzel,nomen,Pflanze
Felber,nomen,Pflanze
Pflanzenzelle,nomen,Pflanze
Silberweide,nomen,Pflanze
Sonnentau,nomen,Pflanze
Krapp,nomen,Pflanze
Zirbel,nomen,Pflanze
Pfefferminze,nomen,Pflanze
Vogelnestwurz,nomen,Pflanze
Blauschimmel,nomen,Pflanze
Steinkauz,nomen,Tier
Auerhenne,nomen,Tier
Flugsaurier,nomen,Tier
Milchvieh,nomen,Tier
Riesenhirsch,nomen,Tier
Kasuar,nomen,Tier
Tagfalter,nomen,Tier
Heuhüpfer,nomen,Tier
Puffotter,nomen,Tier
Vierbeiner,nomen,Tier
Leittier,nomen,Tier
Moorhuhn,nomen,Tier
Urvogel,nomen,Tier
Teichhuhn,nomen,Tier
Walddrossel,nomen,Tier
Schnarrheuschrecke,nomen,Tier
Dschinn,nomen,Tier
Amöbe,nomen,Tier
Tiefseefisch,nomen,Tier
Jägerhütchen,nomen,Tier
Bakterie,nomen,Tier
Sennenhund,nomen,Tier
Herzmuschel,nomen,Tier
Haarwild,nomen,Tier
Feldgrille,nomen,Tier
Grauammer,nomen,Tier
Pfefferfresser,nomen,Tier
Ararauna,nomen,Tier
Taumelkäfer,nomen,Tier
Weidenmeise,nomen,Tier
Meeresungeheuer,nomen,Tier
Hausrotschwanz,nomen,Tier
Auerhuhn,nomen,Tier
Raubsaurier,nomen,Tier
Kojote,nomen,Tier
Waldameise,nomen,Tier
Kleintier,nomen,Tier
Bergmolch,nomen,Tier
Grundel,nomen,Tier
Haubenmeise,nomen,Tier
Kohäsion,nomen,natPhaenomen
Meeresstrom,nomen,natPhaenomen
Vollgas,nomen,natPhaenomen
Nova,nomen,natPhaenomen
Umlagerung,nomen,natPhaenomen
Sturmbö,nomen,natPhaenomen
Pulverschnee,nomen,natPhaenomen
Zimmertemperatur,nomen,natPhaenomen
Kugelblitz,nomen,natPhaenomen
Mahlstrom,nomen,natPhaenomen
Angelusläuten,nomen,natPhaenomen
Erdmagnetismus,nomen,natPhaenomen
Influenz,nomen,natPhaenomen
Maschinenkraft,nomen,natPhaenomen
Klangwelle,nomen,natPhaenomen
Teakholz,nomen,natGegenstand
Eischale,nomen,natGegenstand
Syenit,nomen,natGegenstand
Kalkfels,nomen,natGegenstand
Steinsalz,nomen,natGegenstand
Monolith,nomen,natGegenstand
Marschboden,nomen,natGegenstand
Gartenboden,nomen,natGegenstand
Runenstein,nomen,natGegenstand
schloßen,verben,natPhaenomen
phosphoreszieren,verben,natPhaenomen
hineinregnen,verben,natPhaenomen
baumartig,adj,natPhaenomen
blütenlos,adj,natPhaenomen
spätherbstlich,adj,natPhaenomen
böig,adj,natPhaenomen
nebelverhangen,adj,natPhaenomen
gewitterig,adj,natPhaenomen
Alraune,nomen,Pflanze
Alpaka,nomen,Tier
Haarstern,nomen,Tier
Westnordwest,nomen,natPhaenomen
Miesmuschel,nomen,Tier
Neophyt,nomen,Pflanze
Ammonshorn,nomen,natGegenstand
Interferenz,nomen,natPhaenomen
Mulm,nomen,natGegenstand
Staubbeutel,nomen,Pflanze
Rührmichnichtan,nomen,Pflanze
Kulturpflanze,nomen,Pflanze
Grasnelke,nomen,Pflanze
Thuja,nomen,Pflanze
Bitterklee,nomen,Pflanze
Kornelkirsche,nomen,Pflanze
Schwarzpappel,nomen,Pflanze
Canna,nomen,Pflanze
Meerzwiebel,nomen,Pflanze
Sommerlinde,nomen,Pflanze
Wasserfreund,nomen,Pflanze
Edelraute,nomen,Pflanze
Begonie,nomen,Pflanze
Silberdistel,nomen,Pflanze
Schöllkraut,nomen,Pflanze
Yggdrasil,nomen,Pflanze
Drachenbaum,nomen,Pflanze
Eukalyptus,nomen,Pflanze
Tragant,nomen,Pflanze
Korallenstock,nomen,Pflanze
Schlafbaum,nomen,Pflanze
Blattstiel,nomen,Pflanze
Lotus,nomen,Pflanze
Lerchensporn,nomen,Pflanze
Ruchgras,nomen,Pflanze
Mummel,nomen,Pflanze
Rottanne,nomen,Pflanze
Hausschwamm,nomen,Pflanze
Sommergetreide,nomen,Pflanze
Pfaffenhütchen,nomen,Pflanze
Eisenkraut,nomen,Pflanze
Spitzwegerich,nomen,Pflanze
Wasserschnecke,nomen,Tier
Heidschnucke,nomen,Tier
Haustaube,nomen,Tier
Köcherfliege,nomen,Tier
Prachtkäfer,nomen,Tier
Rötelmaus,nomen,Tier
Goldleiste,nomen,Tier
Sumpfrohrsänger,nomen,Tier
Schuppentier,nomen,Tier
Löwenäffchen,nomen,Tier
Rabenvogel,nomen,Tier
Rädertierchen,nomen,Tier
Wellensittich,nomen,Tier
Winterschläfer,nomen,Tier
Landschildkröte,nomen,Tier
Wollaffe,nomen,Tier
Nachtpfauenauge,nomen,Tier
Amphibie,nomen,Tier
Riesenmuschel,nomen,Tier
Bonito,nomen,Tier
Kutschpferd,nomen,Tier
Wasserspinne,nomen,Tier
Jagdwild,nomen,Tier
Rottweiler,nomen,Tier
Schermaus,nomen,Tier
Krustentier,nomen,Tier
Silberreiher,nomen,Tier
Seelilie,nomen,Tier
Großvieh,nomen,Tier
Feldtaube,nomen,Tier
Steinwild,nomen,Tier
Weißling,nomen,Tier
Landseer,nomen,Tier
Anakonda,nomen,Tier
Spulwurm,nomen,Tier
Quappe,nomen,Tier
Gnu,nomen,Tier
Krickente,nomen,Tier
Zahnlose,nomen,Tier
Kaiseradler,nomen,Tier
Graupapagei,nomen,Tier
Großkopf,nomen,Tier
Kleidermotte,nomen,Tier
Präriehund,nomen,Tier
Insektenfresser,nomen,Tier
Überleben,nomen,natPhaenomen
Schwebung,nomen,natPhaenomen
Fallgeschwindigkeit,nomen,natPhaenomen
Zentripetalkraft,nomen,natPhaenomen
Scheinwerferlicht,nomen,natPhaenomen
Strahlungsenergie,nomen,natPhaenomen
Gegenfeuer,nomen,natPhaenomen
Dampfdruck,nomen,natPhaenomen
Fahrgeschwindigkeit,nomen,natPhaenomen
Gasstrom,nomen,natPhaenomen
Humuserde,nomen,natGegenstand
Moränenschutt,nomen,natGegenstand
Edelholz,nomen,natGegenstand
Meersalz,nomen,natGegenstand
Weidenholz,nomen,natGegenstand
Torfboden,nomen,natGegenstand
Westwand,nomen,natGegenstand
Deckstein,nomen,natGegenstand
Palisander,nomen,natGegenstand
Blutjaspis,nomen,natGegenstand
Treibsand,nomen,natGegenstand
Arkose,nomen,natGegenstand
Kalkschlamm,nomen,natGegenstand
zurückstrahlen,verben,natPhaenomen
hereinscheinen,verben,natPhaenomen
frühsommerlich,adj,natPhaenomen
