Autor*in;Titel;Referenzkorpus (Vorschlag);Jahr;Sprache;Genre;Wiki-Data ID Work;Wiki-Data ID Author;Referenz;Filename;Problematische:r Autor:in?;Wer recherchiert?;Quelle;;;;;;;
Adalbert Stifter;Der beschriebene Tännling;;1846;Deutsch;;https://www.wikidata.org/wiki/Q65565750;Q168542;;Adalbert_Stifter_-_Der_beschriebene_Tännling_(1846).txt;;;;;;;;;;
Adolf Pichler;Ein Brautpaar;;1867;Deutsch;;;Q88910;;Adolf_Pichler_-_Ein_Brautpaar_(1867).txt;;;;;;;;;;
Agnes Günther;Die Heilige und ihr Narr - Band 2;;1913;Deutsch;;https://www.wikidata.org/wiki/Q1170730;Q106107;;Agnes_Günther_-_Die_Heilige_und_ihr_Narr_-_Band_2_(1913).txt;;;;;;;;;;
Alois Theodor Sonnleitner;Die Höhlenkinder – Im Heimlichen Grund;;1918;Deutsch;KJL;https://www.wikidata.org/wiki/Q1213545;Q94580;;Alois_Theodor_Sonnleitner_-_Die_Höhlenkinder_–_Im_Heimlichen_Grund_(1918).txt;;;;;;;;;;
Alois Theodor Sonnleitner;Die Höhlenkinder – Im Steinhaus;;1920;Deutsch;KJL;https://www.wikidata.org/wiki/Q1213545;Q94580;;Alois_Theodor_Sonnleitner_-_Die_Höhlenkinder_–_Im_Steinhaus_(1920).txt;;;;;;;;;;
August Kopisch;Ein Carnevalsfest auf Ischia;;1856;Deutsch;;;Q88387;;August_Kopisch_-_Ein_Carnevalsfest_auf_Ischia_(1856).txt;;;;;;;;;;
Berthold Auerbach;Auf der Höhe Dritter Band;;1865;Deutsch;;;Q76715;;Berthold_Auerbach_-_Auf_der_Höhe_Dritter_Band_(1865).txt;;;;;;;;;;
Charles Sealsfield;In der Prärie verirrt;;1841;Deutsch;;;Q79153;;Charles_Sealsfield_-_In_der_Prärie_verirrt_(1841).txt;;;;;;;;;;
Christoph von Schmid;Wie Heinrich von Eichenfels zur Erkenntnis Gottes kam;;1817;Deutsch;;;Q68202;;Christoph_von_Schmid_-_Wie_Heinrich_von_Eichenfels_zur_Erkenntnis_Gottes_kam_(1817).txt;;;;;;;;;;
Clemens Brentano;Aus der Chronika eines fahrenden Schülers (Zweite Fassung);;1818;Deutsch;;https://www.wikidata.org/wiki/Q777681;Q57235;;Clemens_Brentano_-_Aus_der_Chronika_eines_fahrenden_Schülers_(Zweite_Fassung)_(1818).txt;?;;;;;;;;;
Clemens Brentano;Die mehreren Wehmüller und ungarischen Nationalgesichter;;1817;Deutsch;;https://www.wikidata.org/wiki/Q1219028;Q57235;;Clemens_Brentano_-_Die_mehreren_Wehmüller_und_ungarischen_Nationalgesichter_(1817).txt;?;;;;;;;;;
Curt Grottewitz;Sonntage eines Großstädters in der Natur;;1906;Deutsch;;;Q1145102;;Curt_Grottewitz_-_Sonntage_eines_Großstädters_in_der_Natur_(1906).txt;;Bianca;;;;;;;;
David Friedrich Weinland;Rulaman;;1878;Deutsch;KJL;https://www.wikidata.org/wiki/Q1615214;Q100876;;David_Friedrich_Weinland_-_Rulaman_(1878).txt;;;;;;;;;;
E. T. A. Hoffmann;Die Irrungen - Verloren und Gefunden;;1820;Deutsch;;;Q150471;;ETA_Hoffmann_-_Die_Irrungen_-_Verloren_und_Gefunden_(1820).txt;;;;;;;;;;
Eduard von Keyserling;Seine Liebeserfahrung;;1906;Deutsch;;https://www.wikidata.org/wiki/Q19228050;Q77494;;Eduard_von_Keyserling_-_Seine_Liebeserfahrung_(1906).txt;;;;;;;;;;
Ferdinand von Saar;Innocens;;1866;Deutsch;;https://www.wikidata.org/wiki/Q1664115;Q78977;;Ferdinand_von_Saar_-_Innocens_(1866).txt;;;;;;;;;;
Franz Kafka;Auf der Galerie;;1916;Deutsch;;https://www.wikidata.org/wiki/Q759401;Q905;;Franz_Kafka_-_Auf_der_Galerie_(1916).txt;;;;;;;;;;
Franz Kafka;Der Geier;;1916;Deutsch;;https://www.wikidata.org/wiki/Q540207;Q905;;Franz_Kafka_-_Der_Geier_(1916).txt;;;;;;;;;;
Franz Kafka;Prometheus;;1918;Deutsch;;https://www.wikidata.org/wiki/Q2112789;Q905;;Franz_Kafka_-_Prometheus_(1918).txt;;;;;;;;;;
Franz Kafka;Schakale und Araber;;1916;Deutsch;;https://www.wikidata.org/wiki/Q1351849;Q905;;Franz_Kafka_-_Schakale_und_Araber_(1916).txt;;;;;;;;;;
Friedrich Gerstäcker;Der Fischfang am Mississippi;;1847;Deutsch;;;Q77478;;Friedrich_Gerstäcker_-_Der_Fischfang_am_Mississippi_(1847).txt;;;;;;;;;;
Friedrich Gerstäcker;Die Nacht auf dem Walfisch;;1858;Deutsch;;;Q77478;;Friedrich_Gerstäcker_-_Die_Nacht_auf_dem_Walfisch_(1858).txt;;;;;;;;;;
Friedrich Gerstäcker;Die Regulatoren in Arkansas;;1845;Deutsch;;https://www.wikidata.org/wiki/Q110879272;Q77478;;Friedrich_Gerstäcker_-_Die_Regulatoren_in_Arkansas_(1845).txt;;;;;;;;;;
Friedrich Gerstäcker;John Wells;;1859;Deutsch;;;Q77478;;Friedrich_Gerstäcker_-_John_Wells_(1859).txt;;;;;;;;;;
Gottfried August Bürger;Münchhausen;;1786;Deutsch;;https://www.wikidata.org/wiki/Q61739609;Q213675;;Gottfried_August_Bürger_-_Münchhausen_(1786).txt;;;;;;;;;;
Gottfried Keller;Die drei gerechten Kammacher;;1856;Deutsch;;https://www.wikidata.org/wiki/Q1218123;Q122370;;Gottfried_Keller_-_Die_drei_gerechten_Kammacher_(1856).txt;;;;;;;;;;
Gottfried Keller;Spiegel;;1856;Deutsch;;https://www.wikidata.org/wiki/Q2309783;Q122370;;Gottfried_Keller_-_Spiegel,_das_Kätzchen_(1856).txt;;;;;;;;;;
Gustav Sack;Ein verbummelter Student;;1917;Deutsch;;https://www.wikidata.org/wiki/Q108045160;Q1556344;;Gustav_Sack_-_Ein_verbummelter_Student_(1917).txt;;;;;;;;;;
Heinrich Heine;Schnabelewopski;;1834;Deutsch;;https://www.wikidata.org/wiki/Q120402662;Q44403;;Heinrich_Heine_-_Schnabelewopski_(1834).txt;;;;;;;;;;
Heinrich Laube;Johanna;;1837;Deutsch;;;Q77470;;Heinrich_Laube_-_Johanna_(1837).txt;;;;;;;;;;
Heinrich Seidel;Der Rosenkönig;;1899;Deutsch;;;Q74585;;Heinrich_Seidel_-_Der_Rosenkönig_(1899).txt;;;;;;;;;;
Heinrich Seidel;Ein Skizzenbuch;;1878;Deutsch;;;Q74585;;Heinrich_Seidel_-_Ein_Skizzenbuch_(1878).txt;;;;;;;;;;
Heinrich Seidel;Fliegender Sommer;;1873;Deutsch;;;Q74585;;Heinrich_Seidel_-_Fliegender_Sommer_(1873).txt;;;;;;;;;;
Hermann Löns;Aus Forst und Flur. Vierzig Tiernovellen;;1914;Deutsch;;;Q77486;;Hermann_Löns_-_Aus_Forst_und_Flur._Vierzig_Tiernovellen_(1914).txt;Ja;;;;;;;;;
Hermann Löns;Der zweckmäßige Meyer und andere Geschichten;;1911;Deutsch;;https://www.wikidata.org/wiki/Q19171447;Q77486;;Hermann_Löns_-_Der_zweckmäßige_Meyer_und_andere_Geschichten_(1911).txt;Ja;;;;;;;;;
Hermann Löns;Heimatliche Naturbilder - Da draußen vor dem Tore;;1911;Deutsch;;;Q77486;;Hermann_Löns_-_Heimatliche_Naturbilder_-_Da_draußen_vor_dem_Tore_(1911).txt;Ja;;;;;;;;;
Hermann Löns;Jagdgeschichten;;1914;Deutsch;;;Q77486;;Hermann_Löns_-_Jagdgeschichten_(1914).txt;Ja;;;;;;;;;
Hermann Löns;Kraut und Lot (Kapitel die Jagdkleidung);;1911;Deutsch;;;Q77486;;Hermann_Löns_-_Kraut_und_Lot_(1911).txt;Ja;;;;;;;;;
Hermann Löns;Mein braunes Buch;;1907;Deutsch;;;Q77486;;Hermann_Löns_-_Mein_braunes_Buch_(1907).txt;Ja;;;;;;;;;
Hermann Löns;Mein buntes Buch;;1913;Deutsch;;;Q77486;;Hermann_Löns_-_Mein_buntes_Buch_(1913).txt;Ja;;;;;;;;;
Hermann Löns;Mein grünes Buch;;1901;Deutsch;;;Q77486;;Hermann_Löns_-_Mein_grünes_Buch_(1901).txt;Ja;;;;;;;;;
Hermann Löns;Tiergeschichten;;1909;Deutsch;;;Q77486;;Hermann_Löns_-_Tiergeschichten_(1909).txt;Ja;;;;;;;;;
Jakob Michael Reinhold Lenz;Empfindsamster aller Romane;;1781;Deutsch;;;Q76417;;Jakob_Michael_Reinhold_Lenz_-_Empfindsamster_aller_Romane_(1781).txt;;;;;;;;;;
Jean Paul;Schulmeisterlein Wutz;;1790;Deutsch;;https://www.wikidata.org/wiki/Q1810880;Q77079;;Jean_Paul_-_Schulmeisterlein_Wutz_(1790).txt;;;;;;;;;;
Jean Qui Rit;Scharfe Geschichten;;1908;;;;Q1118918;;Jean_Qui_Rit_-_Scharfe_Geschichten_(1908).txt;;;;;;;;;;
Jeremias Gotthelf;Der Oberamtmann und der Amtsrichter;;1853;Deutsch;;;Q122358;;Jeremias_Gotthelf_-_Der_Oberamtmann_und_der_Amtsrichter_(1853).txt;Zu Antisemitismus siehe Spalte Quelle;;https://de.wikipedia.org/wiki/Jeremias_Gotthelf#cite_ref-18;;;;;;;
Jeremias Gotthelf;Die schwarze Spinne;;1842;Deutsch;;https://www.wikidata.org/wiki/Q502598;Q122358;;Jeremias_Gotthelf_-_Die_schwarze_Spinne_(1842).txt;Zu Antisemitismus siehe Spalte Quelle;;"""Als Symbole dieser vermeintlichen Gefährdung von Haus und Hof fungieren in seinem Werk auch Juden, die überwiegend negativ dargestellt werden, z. B. als Spekulanten und Betrüger; ebenso finden sich auch die antijudaistischen Legenden vom «Gottesmord» und der «jüdischen Verstocktheit» in seinen Erzählungen.""";;;;;;;
Jeremias Gotthelf;Kurt von Koppigen;;1844;Deutsch;;https://www.wikidata.org/wiki/Q1794314;Q122358;;Jeremias_Gotthelf_-_Kurt_von_Koppigen_(1844).txt;Zu Antisemitismus siehe Spalte Quelle;;;;;;;;;
Johann David Wyss;Der schweizerische Robinson;;1812;Deutsch;;https://www.wikidata.org/wiki/Q665715;Q115822;;Johann_David_Wyss_-_Der_schweizerische_Robinson_(1812).txt;;;;;;;;;;
Johanna Spyri;Beim Weiden-Joseph;;1882;Deutsch;;;Q123053;;Johanna_Spyri_-_Beim_Weiden-Joseph_(1882).txt;;;;;;;;;;
Joseph von Eichendorff;Das Marmorbild;;1819;Deutsch;;https://www.wikidata.org/wiki/Q1169722;Q77204;;Joseph_von_Eichendorff_-_Das_Marmorbild_(1819).txt;;;;;;;;;;
Joseph von Eichendorff;Die Glücksritter;;1841;Deutsch;;https://www.wikidata.org/wiki/Q1213098;Q77204;;Joseph_von_Eichendorff_-_Die_Glücksritter_(1841).txt;;;;;;;;;;
Joseph von Eichendorff;Libertas und ihre Freier;;1848;Deutsch;;;Q77204;;Joseph_von_Eichendorff_-_Libertas_und_ihre_Freier_(1848).txt;;;;;;;;;;
Karl Philipp Moritz;Fragmente aus dem Tagebuche eines Geistersehers;;1787;Deutsch;;;Q215781;;Karl_Philipp_Moritz_-_Fragmente_aus_dem_Tagebuche_eines_Geistersehers_(1787).txt;;;;;;;;;;
Klabund;Franziskus;;1921;Deutsch;;;Q61263;;Klabund_-_Franziskus_(1921).txt;;;;;;;;;;
Klabund;Hieronymus;;1928;Deutsch;;;Q61263;;Klabund_-_Hieronymus_(1928).txt;;;;;;;;;;
Klabund;Mohammed;;1917;Deutsch;;;Q61263;;Klabund_-_Mohammed_(1917).txt;;;;;;;;;;
Klabund;Moreau;;1915;Deutsch;;;Q61263;;Klabund_-_Moreau_(1915).txt;;;;;;;;;;
Kurd Lasswitz;Homchen;;1902;Deutsch;;;Q61453;;Kurd_Laßwitz_-_Homchen_(1902).txt;;;;;;;;;;
Leopold von Sacher-Masoch;Der Capitulant;;1875;Deutsch;;;Q78474;;Leopold_von_Sacher-Masoch_-_Der_Capitulant_(1875).txt;;;;;;;;;;
Leopold von Sacher-Masoch;Don Juan von Kolomea;;1875;Deutsch;;https://www.wikidata.org/wiki/Q108603761;Q78474;;Leopold_von_Sacher-Masoch_-_Don_Juan_von_Kolomea_(1875).txt;;;;;;;;;;
Ludwig Aurbacher;Erzählungen;;1847;Deutsch;;;Q106617;;Ludwig_Aurbacher_-_Erzählungen,_Lieder_und_Sprüche_aus_dem_Allerley_(1847).txt;;;;;;;;;;
Ludwig Bechstein;In optima forma;;1854;Deutsch;;;Q66379;;Ludwig_Bechstein_-_In_optima_forma_(1854).txt;;;;;;;;;;
Ludwig Tieck;Die schoene Magelone;;1812;Deutsch;;;Q57239;;Ludwig_Tieck_-_Die_schoene_Magelone_(1812).txt;"""Sein Antisemitismus kommt in seiner vehementen Ablehnung der Emanzipation der Juden zum Ausdruck.""";;https://de.wikipedia.org/wiki/Ludwig_Tieck;;;;;;;
Manfred Kyber;Balduin Brummsel und andere Tiergeschichten;;1933;Deutsch;;;Q115335;;Manfred_Kyber_-_Balduin_Brummsel_und_andere_Tiergeschichten_(1933).txt;;;;;;;;;;
Marie von Ebner-Eschenbach;Krambambuli;;1884;Deutsch;;https://www.wikidata.org/wiki/Q1385007;Q93525;;Marie_von_Ebner-Eschenbach_-_Krambambuli_(1884).txt;;;;;;;;;;
Matthias Blank;Der Mord im Ballsaal;;1909;Deutsch;;;Q19224541;;Matthias_Blank_-_Der_Mord_im_Ballsaal_(1909).txt;;;;;;;;;;
Max Dauthendey;Der Knabe auf dem Kopf des Elephanten;;1909;Deutsch;;;Q481550;;Max_Dauthendey_-_Der_Knabe_auf_dem_Kopf_des_Elephanten_(1909).txt;;Rebecca;;;;;;;;
Max Dauthendey;Die Abendglocken vom Mijderatempel hören;;1909;Deutsch;;;Q481550;;Max_Dauthendey_-_Die_Abendglocken_vom_Mijderatempel_hören_(1909).txt;;Rebecca;;;;;;;;
Max Dauthendey;Die acht Gesichter am Biwasee;;1911;Deutsch;;https://www.wikidata.org/wiki/Q108612837;Q481550;;Max_Dauthendey_-_Die_acht_Gesichter_am_Biwasee_(1911).txt;;;;;;;;;;
Oskar Panizza;Aus dem Tagebuch eines Hundes;;1892;Deutsch;;;Q62871;;Oskar_Panizza_-_Aus_dem_Tagebuch_eines_Hundes_(1892).txt;ja?;;;;;;;;;
Otto Julius Bierbaum;Im Kahne;;1895;Deutsch;;;Q64001;;Otto_Julius_Bierbaum_-_Im_Kahne_(1895).txt;;;;;;;;;;
Paul Ernst;Komödianten- und Spitzbubengeschichten;;1920;Deutsch;;;Q72557;;Paul_Ernst_-_Komödianten-_und_Spitzbubengeschichten_(1920).txt;;Rebecca;;;;;;;;
Paul Heyse;Das Glück von Rothenburg;;1881;Deutsch;;;Q76487;;Paul_Heyse_-_Das_Glück_von_Rothenburg_(1881).txt;;;;;;;;;;
Peter Rosegger;Jakob der Letzte;;1889;Deutsch;;https://www.wikidata.org/wiki/Q15507850;Q93841;;Peter_Rosegger_-_Jakob_der_Letzte_(1889).txt;umstritten;;;;;;;;;
Salomon Gessner;Daphnis;;1754;Deutsch;;;Q123765;;Salomon_Geßner_-_Daphnis_(1754).txt;;;;;;;;;;
Salomon Gessner;Idas und Mycon;;1777;Deutsch;;;Q123765;;Salomon_Geßner_-_Idas_und_Mycon_(1777).txt;;;;;;;;;;
Sophie Wörishöffer;Das Naturforscherschiff;;1880;Deutsch;;;Q75259;;Sophie_Wörishöffer_-_Das_Naturforscherschiff_(1880).txt;;;;;;;;;;
Theodor Storm;Von Kindern und Katzen und wie sie die Nine begruben;;1876;Deutsch;;;Q26993;;Theodor_Storm_-_Von_Kindern_und_Katzen_und_wie_sie_die_Nine_begruben_(1876).txt;;Rebecca;;;;;;;;
Wilhelm Heinrich Riehl;Der stumme Ratsherr;;1895;Deutsch;;;Q77020;;Wilhelm_Heinrich_Riehl_-_Der_stumme_Ratsherr_(1895).txt;;Rebecca;;;;;;;;
Wilhelm Jensen;Karin von Schweden;;1872;Deutsch;;https://www.wikidata.org/wiki/Q130308185;Q77444;;Wilhelm_Jensen_-_Karin_von_Schweden_(1872).txt;;;;;;;;;;
Wilhelm Raabe;Im Siegeskranze;;1866;Deutsch;;https://www.wikidata.org/wiki/Q1659461;Q60647;;Wilhelm_Raabe_-_Im_Siegeskranze_(1866).txt;;;;;;;;;;
Louise Anklam;Kindergeschichten (Kapitel Der wilde Arno);;1898;Deutsch;;;Q84415684;;Anklam_Louise_Kindergeschichten_Der_wilde_Arno.txt;;Bianca;;;;;;;;
Marie Bernhard;Heimatluft;;1900;Deutsch;;;Q17578094;;Bernhard_Marie_Heimatluft.txt;"Siehe Textstelle: ""morgen einen Negertransport meilenweit ins Land hinein überwachen helfen""";Bianca;;;;;;;;
Ida Bindschedler;Die Turnachkinder im Sommer;;1906;Deutsch;;;Q1656493;;Bindschedler_Ida_Die_Turnachkinder_im_Sommer.txt;Kinder im Buch spielen Indianer [sic];Bianca;;;;;;;;
Ida Bindschedler;Die Turnachkinder im Winter;;1909;Deutsch;;;Q1656493;;Bindschedler_Ida_Die_Turnachkinder_im_Winter.txt;"Werk enthält das Wort ""Negertanz""";Bianca;;;;;;;;
Helene Böhlau;Altweimarische Liebesgeschichten (Kapitel Das ehrbussliche Weiblein);;1897;Deutsch;;;Q78239;;Boehlau_Helene_Altweimarische_Liebesgeschichten_Das_ehrbussliche_Weiblein.txt;;Bianca;;;;;;;;
Helene Böhlau;Altweimarische Liebesgeschichten (Kapitel Im alten Roedchen;;1897;Deutsch;;;Q78239;;Boehlau_Helene_Altweimarische_Liebesgeschichten_Im_alten_Roedchen.txt;;Bianca;;;;;;;;
Helene Böhlau;Ein Sommerbuch;;1903;Deutsch;;;Q78239;;Boehlau_Helene_Ein_Sommerbuch.txt;;Bianca;;;;;;;;
Luise Büchner;Der kleine Vagabund;;;Deutsch;;;Q92151;;Buechner_Luise_Der_kleine_Vagabund.txt;"Enthält das Wort ""Neger""";Bianca;;;;;;;;
Luise Büchner;Die Fee von Argouges;;;Deutsch;;;Q92151;;Buechner_Luise_Die_Fee_von_Argouges.txt;;Bianca;;;;;;;;
Ada Christen;Als er heimkehrte;;1884;Deutsch;;;Q85002;;Christen_Ada_Als_er_heimkehrte.txt;;Sören;;;;;;;;
Ada Christen;Der einsam Spatz;;1884;Deutsch;;;Q85002;;Christen_Ada_Der_einsame_Spatz.txt;;Sören;;;;;;;;
Ada Christen;Käthes Federhut;;1876;Deutsch;;;Q85002;;Christen_Ada_Kaethes_Federhut.txt;;Sören;;;;;;;;
Ada Christen;Nachbar Krippelmacher;;1884;Deutsch;;;Q85002;;Christen_Ada_Nachbar_Krippelmacher.txt;;Sören;;;;;;;;
Juliane Déry;Selige Liebe;;1896;Deutsch;;https://www.wikidata.org/wiki/Q19228101;Q986949;;Dery_Juliane_Selige_Liebe.txt;;Sören;;;;;;;;
Jenny Dirnböck-Schulz;Aus Mizi's Memoiren;;1895;Deutsch;;;Q59653182;;Dirnboeck-Schulz_Jenny_Aus_Mizis_Memoiren.txt;;Sören;;;;;;;;
Hedwig Dohm;Werde, die Du bist;;1894;Deutsch;;;Q71491;;Dohm_Hedwig_Werde.txt;;Sören;;;;;;;;
Ilse Frapan;Altmodische Leute;;1890;Deutsch;;;Q1659118;;Frapan_Ilse_Altmodische_Leute.txt;;Sören;;;;;;;;
Ilse Frapan;"""Uns' Ida""";;1890;Deutsch;;;Q1659118;;Frapan_Ilse_Uns_Ida.txt;;Sören;;;;;;;;
Ilse Frapan;Ameise;;1899;Deutsch;;;Q1659118;;Frapan_Ilse_Was_der_Alltag_dichtet_Ameise.txt;;Sören;;;;;;;;
Ilse Frapan;Dort oben;;1899;Deutsch;;;Q1659118;;Frapan_Ilse_Was_der_Alltag_dichtet_Dort_oben.txt;;Sören;;;;;;;;
Agnes Harder;Schlumski. Eine Hunde- und Menschengeschichte;;1916;Deutsch;;https://www.wikidata.org/wiki/Q136801081;Q51928;;Harder_Agnes_Schlumski.txt;Ja, auch problematischer Text ;Sören;https://de.wikipedia.org/wiki/Agnes_Harder;;;;;;;
Wilhelmine Heimburg;Grossmutters Kathrin;;1906;Deutsch;;;Q75922;;Heimburg_Wilhelmine_Alte_Liebe_und_anderes_Grossmutters_Kathrin.txt;;;;;;;;;;
Wilhelmine Heimburg;Maiblumen;;1906;Deutsch;;;Q75922;;Heimburg_Wilhelmine_Alte_Liebe_und_anderes_Maiblumen.txt;;;;;;;;;;
Wilhelmine Heimburg;Originale;;1906;Deutsch;;;Q75922;;Heimburg_Wilhelmine_Alte_Liebe_und_anderes_Originale.txt;;;;;;;;;;
Maria Janitschek;Das kleine Hündchen;;1897;Deutsch;;;Q88216;;Janitschek_Maria_Das_kleine_Huendchen.txt;;Corinna;;;;;;;;
Maria Janitschek;Kind Gottes;;1897;Deutsch;;;Q88216;;Janitschek_Maria_Kind_Gottes.txt;;Corinna;;;;;;;;
Maria Janitschek;Klare Rechnung;;1897;Deutsch;;;Q88216;;Janitschek_Maria_Klare_Rechnung.txt;;Corinna;;;;;;;;
Alma Johanna Koenig;Schibes;;1920;Deutsch;;https://www.wikidata.org/wiki/Q136801178;Q2649555;;Koenig_Alma_Johanna_Schibes.txt;;Corinna;;;;;;;;
Eugenie Marlitt;Amtmanns Magd;;1881;Deutsch;;;Q62950;;Marlitt_Eugenie_Amtmanns_Magd;;Corinna;;;;;;;;
Eugenie Marlitt;Das Eulenhaus;;1888;Deutsch;;;Q62950;;Marlitt_Eugenie_Das_Eulenhaus;;Corinna;;;;;;;;
Eugenie Marlitt;Das Heideprinzesschen;;1871;Deutsch;;https://www.wikidata.org/wiki/Q124088667;Q62950;;Marlitt_Eugenie_Das_Heideprinzesschen;;Corinna;;;;;;;;
Eugenie Marlitt;Die Frau mit den Karfunkelsteinen;;1885;Deutsch;;;Q62950;;Marlitt_Eugenie_Die_Frau_mit_den_Karfunkelsteinen;;Corinna;;;;;;;;
Eugenie Marlitt;Die zweite Frau;;1874;Deutsch;;;Q62950;;Marlitt_Eugenie_Die_zweite_Frau;;Corinna;;;;;;;;
Eugenie Marlitt;Im Schillingshof;;1879;Deutsch;;;Q62950;;Marlitt_Eugenie_Im_Schillingshof;;Corinna;;;;;;;;
Eugenie Marlitt;Schulmeisters Marie;;1865;Deutsch;;https://www.wikidata.org/wiki/Q96000486;Q62950;;Marlitt_Eugenie_Schulmeisters_Marie;;Corinna;;;;;;;;
Charlotte Niese;Aus dänischer Zeit;;1892/1894;Deutsch;;https://www.wikidata.org/wiki/Q136801230;Q74303;;Niese_Charlotte_Aus_daenischer_Zeit.txt;;Rebecca;;;;;;;;
Charlotte Niese;Der verrückte Flinsheim;;1914;Deutsch;;https://www.wikidata.org/wiki/Q136801244;Q74303;;Niese_Charlotte_Der_verrueckte_Flinsheim.txt;;Rebecca;;;;;;;;
Charlotte Niese;Die falschen Weihnachtsbäume;;1920;Deutsch;;;Q74303;;Niese_Charlotte_Die_falschen_Weihnachtsbaeume.txt;;Rebecca;;;;;;;;
Charlotte Niese;Geschichten aus Holstein;;1896;Deutsch;;https://www.wikidata.org/wiki/Q136801247;Q74303;;Niese_Charlotte_Geschichten_aus_Corisande_Corisande.txt;;Rebecca;;;;;;;;
Bertha Pappenheim;Im Storchenland;;1888;Deutsch;;;Q61178;;Pappenheim_Bertha_Erzaehlungen_Im_Storchenland.txt;;Rebecca;;;;;;;;
Agnes Sapper;Das kleine Dummerl: Das Mooserl;;1904;Deutsch;;;Q394626;;Sapper_Agnes_Das_kleine_Dummerle_Das_Mooserl.txt;;Rebecca;;;;;;;;
Agnes Sapper;Das kleine Dummerl: Helf, wer helfen kann!;;1904;Deutsch;;;Q394626;;Sapper_Agnes_Das_kleine_Dummerle_Helf_wer_helfen_kann.txt;;Rebecca;;;;;;;;
Agnes Sapper;Die Familie Pfäffling;;1909;Deutsch;;https://www.wikidata.org/wiki/Q123566625;Q394626;;Sapper_Agnes_Die_Familie_Pfaeffling.txt;;Rebecca;;;;;;;;
Johanna Spyri;Am Felsensprung;;1886;Deutsch;;;Q123053;;Spyri_Johanna_Am_Felsensprung.txt;;Rebecca;;;;;;;;
Johanna Spyri;Aus dem Leben;;1872;Deutsch;;;Q123053;;Spyri_Johanna_Aus_dem_Leben.txt;;Rebecca;;;;;;;;
Johanna Spyri;Beim Weiden-Joseph;;1882;Deutsch;;;Q123053;;Spyri_Johanna_Beim_Weiden-Joseph.txt;;Rebecca;;;;;;;;
Johanna Spyri;Einer vom Hause Lesa;;1890;Deutsch;;;Q123053;;Spyri_Johanna_Einer_vom_Hause_Lesa.txt;;Rebecca;;;;;;;;
Johanna Spyri;Rosenresli;;1882;Deutsch;;;Q123053;;Spyri_Johanna_Rosenresli.txt;;Rebecca;;;;;;;;
Johanna Spyri;Und wer nur Gott zum Freunde hat;;1882;Deutsch;;;Q123053;;Spyri_Johanna_Und_wer_nur_Gott.txt;;Rebecca;;;;;;;;
Johanna Spyri;Was soll denn aus ihr werden?;;1887;Deutsch;;;Q123053;;Spyri_Johanna_Was_soll.txt;;Rebecca;;;;;;;;
Ottilie Wildermuth;Die alte Freundin: Das Osterlied;;1863;Deutsch;;;Q69311;;Wildermuth_Ottilie_Die_alte_Freundin_Das_Osterlied.txt;;Rebecca;;;;;;;;
Ottilie Wildermuth;Die alte Freundin: Des Herrn Pfarrers Kuh;;1863;Deutsch;;;Q69311;;Wildermuth_Ottilie_Die_alte_Freundin_Des_Herrn_Pfarrers_Kuh.txt;;Rebecca;;;;;;;;
Ottilie Wildermuth;Die alte Freundin: Es ging ein Engel durch das Haus ;;1863;Deutsch;;;Q69311;;Wildermuth_Ottilie_Die_alte_Freundin_Es_ging_ein_Engel_durch_das_Haus.txt;;Rebecca;;;;;;;;
Sophie Wörishöffer ;Gerettet aus Sibirien;;1885;Deutsch;;https://www.wikidata.org/wiki/Q136801411;Q75259;;Woerishoeffer_Sophie_Gerettet_aus_Sibirien.txt;;Rebecca;;;;;;;;
Sophie Wörishöffer ;Onnen Visser, der Schmugglersohn von Norderney;;1885;Deutsch;;https://www.wikidata.org/wiki/Q136801414;Q75259;;Woerishoeffer_Sophie_Onnen_Visser.txt;;Rebecca;;;;;;;;
Sophie Wörishöffer ;Robert des Schiffsjungen Fahrten und Abenteuer auf der deutschen Handels- und Kriegsflotte;;1877;Deutsch;;;Q75259;;Woerishoeffer_Sophie_Robert_des_Schiffsjungen_Fahrten.txt;Kolonalistische Stereotype;Rebecca;;;;;;;;
Frieda von Bülow;Die stilisierte Frau;;1902;Deutsch;;;Q1456366;;von_Buelow_Frieda_Die_schoensten_Novellen_Die_stilisierte_Frau.txt;Kolonialistin und Missionarin;Mareike;https://de.wikipedia.org/wiki/Frieda_von_B%C3%BClow;;;;;;;
Frieda von Bülow;Sie und Er;;1902;Deutsch;;;Q1456366;;von_Buelow_Frieda_Die_schoensten_Novellen_Sie_und_Er.txt;Kolonialistin und Missionarin;Mareike;;;;;;;;
Marie von Ebner-Eschenbach;Der Herr Hofrat;;1915;Deutsch;;;Q93525;;von_Ebner-Eschenbach_Marie_Der_Herr_Hofrat.txt;"""zeittypische antisemitische Klischees und Stereotype""";Corinna;https://de.wikipedia.org/wiki/Marie_von_Ebner-Eschenbach;;;;;;;
Marie von Ebner-Eschenbach;DerVorzugsschüler;;1901;Deutsch;;;Q93525;;von_Ebner-Eschenbach_Marie_Der_Vorzugsschueler.txt;"""zeittypische antisemitische Klischees und Stereotype""";Corinna;;;;;;;;
Marie von Ebner-Eschenbach;Der gute Mond;;1886;Deutsch;;;Q93525;;von_Ebner-Eschenbach_Marie_Der_gute_Mond.txt;"""zeittypische antisemitische Klischees und Stereotype""";Corinna;;;;;;;;
Marie von Ebner-Eschenbach;Die Freiherren von Gemperlein;;1878;Deutsch;;https://www.wikidata.org/wiki/Q108667672;Q93525;;von_Ebner-Eschenbach_Marie_Die_Freiherren_von_Gemperlein.txt;"""zeittypische antisemitische Klischees und Stereotype""";Corinna;;;;;;;;
Marie von Ebner-Eschenbach;Die Spitzin;;1901;Deutsch;;;Q93525;;von_Ebner-Eschenbach_Marie_Die_Spitzin.txt;"""zeittypische antisemitische Klischees und Stereotype""";Corinna;;;;;;;;
Marie von Ebner-Eschenbach;Ein Spätgeborner;;1875;Deutsch;;;Q93525;;von_Ebner-Eschenbach_Marie_Ein_Spaetgeborner.txt;"""zeittypische antisemitische Klischees und Stereotype""";Corinna;;;;;;;;
Marie von Ebner-Eschenbach;Krambambuli;;1883;Deutsch;;https://www.wikidata.org/wiki/Q1385007;Q93525;;von_Ebner-Eschenbach_Marie_Krambambuli.txt;"""zeittypische antisemitische Klischees und Stereotype""";Corinna;;;;;;;;
Marie von Ebner-Eschenbach;Maslans Frau;;1901;Deutsch;;;Q93525;;von_Ebner-Eschenbach_Marie_Maslans_Frau.txt;"""zeittypische antisemitische Klischees und Stereotype""";Corinna;;;;;;;;
Marie von Ebner-Eschenbach;Oversberg;;1892;Deutsch;;https://www.wikidata.org/wiki/Q2042406;Q93525;;von_Ebner-Eschenbach_Marie_Oversberg.txt;"""zeittypische antisemitische Klischees und Stereotype""";Corinna;;;;;;;;
Nataly von Eschstruth;Hofluft;;1889;Deutsch;;https://www.wikidata.org/wiki/Q136800988;Q87140;;von_Eschstruth_Nataly_Hofluft.txt;;Corinna;;;;;;;;
Louise von Francois;Der Katzenjunker;;1879;Deutsch;;;Q84820;;von_Francois_Louise_Der_Katzenjunker.txt;;Corinna;;;;;;;;
Louise von Francois;Phosphorus Hollunder;;1881;Deutsch;;;Q84820;;von_Francois_Louise_Phosphorus_Hollunder.txt;;Corinna;;;;;;;;
Elisabeth von Heyking;Aus dem Lande der Ostseeritter;;1918;Deutsch;;;Q99578;;von_Heyking_Elisabeth_Aus_dem_Land.txt;;;;;;;;;;
Elisabeth von Heyking;Das Geheimnis des Amerikaners;;1905;Deutsch;;;Q99578;;von_Heyking_Elisabeth_Das_Geheimnis_des_Amerikaners.txt;"""skizziert mit kritischer Feder die Kolonialpolitik"" – FemBio";Mareike;https://www.fembio.org/biographie.php/frau/biographie/elisabeth-von-heyking/;;;;;;;
Elisabeth von Heyking;Über einen Hund;;1905;Deutsch;;;Q99578;;von_Heyking_Elisabeth_Ueber_einen_Hund.txt;"""differenzierter als viele ihrer Zeitgenossen"" – Wikipedia";Mareike;https://de.wikipedia.org/wiki/Elisabeth_von_Heyking;;;;;;;
Malwida von Meysenbug;Der Pfad der Äbtissin;;1907;Deutsch;;;Q68795;;von_Meysenbug_Malwida_Der_Pfad_der_Aebtissin.txt;enge Freundschaft zu den Wagners, aber auch feministische Vorreiterin;Mareike;https://de.wikipedia.org/wiki/Malwida_von_Meysenbug;;;;;;;
Franziska zu Reventlow;"Das Logierhaus ""Zur schwankenden Weltkugel""";;1917;Deutsch;;;Q71429;;zu_Reventlow_Franziska_Das_Logierhaus_Zur.txt;;Corinna;;;;;;;;
Franziska zu Reventlow;Das polierte Männchen;;1917;Deutsch;;;Q71429;;zu_Reventlow_Franziska_Das_polierte_Maennchen.txt;;Corinna;;;;;;;;
Franziska zu Reventlow;Der Herr Fischötter;;1917;Deutsch;;;Q71429;;zu_Reventlow_Franziska_Der_Herr_Fischoetter.txt;;Corinna;;;;;;;;
Franziska zu Reventlow;Die Silberwanze;;1917;Deutsch;;;Q71429;;zu_Reventlow_Franziska_Die_Silberwanze.txt;;Corinna;;;;;;;;
