ID,Repositorium,Vorname Autor,Nachname Autor,Nationalität,Pseudonym/Anderer Name,Gesamtname Autor,Geburtsjahr,Sterbejahr,Autor:innengender,Titel,Dateiname,verwendetes Datum,Wörter,Typen,norm_year,Tier,Pflanze,Lebensraum,Gesamt,Dichte,
2293,gutenberg,Helene,von Mühlau,Deutschland,"Emilie Hedwig v. Mühlenfels, geb. Rathgeber, Hedwig von Mühlenfels",Helene von Mühlau,1874,1923,female,Frau Doktor Breuer,von_Muehlau_Helene_Frau_Doktor_Breuer,1920,76231,8555,1920,54,47,180,281,"0,003686164421","0,009140429792"
2314,DTA,Hermione,von Preuschen,Deutschland,Hermine von Preuschen,Hermione von Preuschen,1854,1918,female,Yoshiwara,von_Preuschen_Hermione_Yoshiwara,1920,28080,5947,1920,59,108,175,342,"0,01217948718","0,005889390725"
986,gutenberg,Henny,Koch,Deutschland,Henriette Koch,Henny Koch,1854,1925,female,Klein-Großchen,Koch_Henny_Klein-Grosschen,1919,80076,10298,1919,91,111,127,329,"0,004108596833","0,01502982052"
1389,textgrid,Grete,Meisel-Hess,Österreich,Grete Gellert,Grete Meisel-Hess,1879,1922,female,Die Intellektuellen,Meisel-Hess_Grete_Die_Intellektuellen,1911,98790,15797,1911,68,47,129,244,"0,002469885616",
1888,gutenberg,Ossip,Schubin,Tschechien,Aloisia (Lola) Kirschner,Ossip Schubin,1854,1934,female,Es fiel ein Reif in der Frühlingsnacht,Schubin_Ossip_Es_fiel_ein_Reif,1888,23537,6127,1888,57,64,70,191,"0,00811488295",
1944,gutenberg,Josephine,Siebe,Deutschland,,Josephine Siebe,1870,1941,female,Die Schloßkinder auf Rabenburg,Siebe_Josephine_Die_Schlosskinder_auf_Rabenburg,1919,51332,6845,1919,559,318,763,1640,"0,03194888179",
2148,DTA,Marie,Tihanyi Sturza,Ungarn/Deutschland,"Marie Karoline Alexandrine Tihanyi-Freyler, Marie Tihanyi Gräfin Stur(d)za, Marie (Irma) Karoline Alexandrine Sturza (Tihanyi-Freyler)",Marie Tihanyi Sturza,1867,1927-1935,female,Das Gelübde einer dreißigjährigen Frau,Tihanyi_Sturza_Marie_Das_Geluebde,1905,47088,8026,1905,56,65,108,229,"0,004863234794",
2155,gutenberg,Käthe,van Beeker,Deutschland,,Käthe van Beeker,1863,1917,female,Hansis Europareise,van_Beeker_Kaethe_Hansis_Europareise,1900,41761,7486,1900,269,91,253,613,"0,01467876727",
2231,gutenberg,Wilhemine,von Hillern,Deutschland,geb. Wilhelmine Birch,Wilhemine von Hillern,1836,1916,female,Die Geier-Wally,von_Hillern_Wilhemine_Die_Geier-Wally,1875,56861,8464,1875,588,71,350,1009,"0,01774502735",
1730,gutenberg,Agnes,Sapper,Deutschland,Agnes Brater,Agnes Sapper,1852,1929,female,Ein Wunderkind,Sapper_Agnes_Das_kleine_Dummerle_Ein_Wunderkind,1901,3066,889,1901,0,0,2,2,"0,0006523157208",
1731,gutenberg,Agnes,Sapper,Deutschland,Agnes Brater,Agnes Sapper,1852,1929,female,"Helf, wer helfen kann!",Sapper_Agnes_Das_kleine_Dummerle_Helf_wer_helfen_kann,1901,1418,537,1901,26,3,0,29,"0,02045133992",
1732,gutenberg,Agnes,Sapper,Deutschland,Agnes Brater,Agnes Sapper,1852,1929,female,Im Thüringer Wald,Sapper_Agnes_Das_kleine_Dummerle_Im_Thueringer_Wald,1901,19119,3348,1901,11,26,53,90,"0,004707359172",
1733,gutenberg,Agnes,Sapper,Deutschland,Agnes Brater,Agnes Sapper,1852,1929,female,In der Adlerapotheke,Sapper_Agnes_Das_kleine_Dummerle_In_der_Adlerapotheke,1901,9575,2209,1901,14,7,8,29,"0,003028720627",
1734,gutenberg,Agnes,Sapper,Deutschland,Agnes Brater,Agnes Sapper,1852,1929,female,Mutter und Tochter,Sapper_Agnes_Das_kleine_Dummerle_Mutter_und_Tochter,1901,6943,1545,1901,0,5,1,6,"0,0008641797494",
1735,gutenberg,Agnes,Sapper,Deutschland,Agnes Brater,Agnes Sapper,1852,1929,female,Regine Lenz,Sapper_Agnes_Das_kleine_Dummerle_Regine_Lenz,1901,7316,1641,1901,4,10,3,17,"0,002323674139",
1736,gutenberg,Agnes,Sapper,Deutschland,Agnes Brater,Agnes Sapper,1852,1929,female,Wie Johannes Ruhn Kaufmann wurde,Sapper_Agnes_Das_kleine_Dummerle_Wie_Johannes_Ruhn_Kaufmann_wurde,1901,2914,1030,1901,0,1,0,1,"0,0003431708991",
1737,gutenberg,Agnes,Sapper,Deutschland,Agnes Brater,Agnes Sapper,1852,1929,female,Die Familie Pfäffling,Sapper_Agnes_Die_Familie_Pfaeffling,1907,63983,7589,1907,54,122,24,200,"0,003125830299",
1876,gutenberg,Hedwig,Schobert,Deutschland,Hedwig von Bode,Hedwig Schobert,1857,1919,female,Künstlerblut,Schobert_Hedwig_Kuenstlerblut,1898,111307,12239,1898,107,209,66,382,"0,003431949473",
1973,gutenberg,Johanna,Spyri,Schweiz,Johanna Louise Heusser,Johanna Spyri,1827,1901,female,Am Felsensprung,Spyri_Johanna_Am_Felsensprung,1886,12969,2289,1886,2,149,91,242,"0,01865988126",
1974,gutenberg,Johanna,Spyri,Schweiz,Johanna Louise Heusser,Johanna Spyri,1827,1901,female,Artur und Squirrel,Spyri_Johanna_Artur_und_Squirrel,1888,39669,5007,1888,73,95,110,278,"0,007007991127",
1975,gutenberg,Johanna,Spyri,Schweiz,Johanna Louise Heusser,Johanna Spyri,1827,1901,female,Aus dem Leben,Spyri_Johanna_Aus_dem_Leben,1901,44820,6122,1901,49,354,379,782,"0,01744756805",
1976,gutenberg,Johanna,Spyri,Schweiz,Johanna Louise Heusser,Johanna Spyri,1827,1901,female,Beim Weiden-Joseph,Spyri_Johanna_Beim_Weiden-Joseph,1882,13657,2468,1882,49,60,73,182,"0,01332649923",
1977,gutenberg,Johanna,Spyri,Schweiz,Johanna Louise Heusser,Johanna Spyri,1827,1901,female,Der Toni vom Kandergrund,Spyri_Johanna_Der_Toni_vom_Kandergrund,1882,10053,2021,1882,50,15,67,132,"0,01313040883",
1978,gutenberg,Johanna,Spyri,Schweiz,Johanna Louise Heusser,Johanna Spyri,1827,1901,female,Einer vom Hause Lesa,Spyri_Johanna_Einer_vom_Hause_Lesa,1890,61932,6305,1890,186,162,339,687,"0,01109281147",
1979,textgrid,Johanna,Spyri,Schweiz,Johanna Louise Heusser,Johanna Spyri,1827,1901,female,"Heidi kann brauchen, was es gelernt hat",Spyri_Johanna_Heidi_kann_brauchen,1881,37367,4672,1881,91,157,248,496,"0,01327374421",
1981,gutenberg,Johanna,Spyri,Schweiz,Johanna Louise Heusser,Johanna Spyri,1827,1901,female,Heimatlos,Spyri_Johanna_Heimatlos,1878,53506,5304,1878,73,155,261,489,"0,009139161963",
1982,gutenberg,Johanna,Spyri,Schweiz,Johanna Louise Heusser,Johanna Spyri,1827,1901,female,Im Rhonetal,Spyri_Johanna_Im_Rhonetal,1880,25880,4445,1880,71,87,216,374,"0,01445131376",
1983,gutenberg,Johanna,Spyri,Schweiz,Johanna Louise Heusser,Johanna Spyri,1827,1901,female,In sicherer Hut,Spyri_Johanna_In_sicherer_Hut,1882,8929,1834,1882,24,56,76,156,"0,01747116138",
1984,gutenberg,Johanna,Spyri,Schweiz,Johanna Louise Heusser,Johanna Spyri,1827,1901,female,Moni der Geißbub,Spyri_Johanna_Moni_der_Geissbub,1887,8873,1750,1887,94,25,54,173,"0,01949735152",
1985,gutenberg,Johanna,Spyri,Schweiz,Johanna Louise Heusser,Johanna Spyri,1827,1901,female,Rosenresli,Spyri_Johanna_Rosenresli,1882,6713,1385,1882,8,105,31,144,"0,02145091613",
1986,gutenberg,Johanna,Spyri,Schweiz,Johanna Louise Heusser,Johanna Spyri,1827,1901,female,Schloss Wildenstein,Spyri_Johanna_Schloss_Wildenstein,1892,66192,6869,1892,79,171,187,437,"0,006602006285",
1987,gutenberg,Johanna,Spyri,Schweiz,Johanna Louise Heusser,Johanna Spyri,1827,1901,female,"Und wer nur Gott zum Freunde hat, dem hilft er immer wieder",Spyri_Johanna_Und_wer_nur_Gott,1882,7022,1641,1882,8,17,27,52,"0,007405297636",
1988,gutenberg,Johanna,Spyri,Schweiz,Johanna Louise Heusser,Johanna Spyri,1827,1901,female,"Vom This, der doch etwas wird",Spyri_Johanna_Vom_This,1886,10407,2105,1886,42,43,113,198,"0,01902565581",
1989,gutenberg,Johanna,Spyri,Schweiz,Johanna Louise Heusser,Johanna Spyri,1827,1901,female,Was die Großmutter gelehrt hat,Spyri_Johanna_Was_die_Grossmutter,1886,8628,1800,1886,12,119,38,169,"0,01958738989",
1990,gutenberg,Johanna,Spyri,Schweiz,Johanna Louise Heusser,Johanna Spyri,1827,1901,female,Was soll denn aus ihr werden?,Spyri_Johanna_Was_soll,1874,69563,6816,1874,62,274,307,643,"0,009243419634",
1991,gutenberg,Johanna,Spyri,Schweiz,Johanna Louise Heusser,Johanna Spyri,1827,1901,female,Wie Wiselis Weg gefunden wird,Spyri_Johanna_Wie_Wiselis_Weg,1878,27340,3636,1878,27,81,73,181,"0,006620336503",
2156,gutenberg,Emma,Vely,Deutschland,"Emma Simon, Wilhelmine Gertrude Friederike Karoline Theodore Marie Emma Couvely",Emma Vely,1848,1934,female,Burgfriede,Vely_Emma_Burgfriede,1901,26579,5090,1901,47,75,110,232,"0,008728695587",
2157,gutenberg,Hermine,Villinger,Deutschland,"H. Wilfried, H. Willfried, Hermine Anna Theresia Xaveria Villinger",Hermine Villinger,1849,1917,female,Aus dem Fexenreich,Villinger_Hermine_Aus_unserer_Zeit_Aus_dem_Fexenreich,1893,12749,3000,1893,16,14,80,110,"0,008628127696",
2158,gutenberg,Hermine,Villinger,Deutschland,"H. Wilfried, H. Willfried, Hermine Anna Theresia Xaveria Villinger",Hermine Villinger,1849,1917,female,Die Bas,Villinger_Hermine_Aus_unserer_Zeit_Die_Bas,1893,5032,1388,1893,13,3,10,26,"0,005166931638",
2159,gutenberg,Hermine,Villinger,Deutschland,"H. Wilfried, H. Willfried, Hermine Anna Theresia Xaveria Villinger",Hermine Villinger,1849,1917,female,Revisors,Villinger_Hermine_Aus_unserer_Zeit_Revisors,1893,3516,1288,1893,20,3,3,26,"0,00739476678",
2160,gutenberg,Hermine,Villinger,Deutschland,"H. Wilfried, H. Willfried, Hermine Anna Theresia Xaveria Villinger",Hermine Villinger,1849,1917,female,"""Vons.""",Villinger_Hermine_Aus_unserer_Zeit_Vons,1893,18419,3958,1893,17,42,43,102,"0,005537759922",
2161,gutenberg,Hermine,Villinger,Deutschland,"H. Wilfried, H. Willfried, Hermine Anna Theresia Xaveria Villinger",Hermine Villinger,1849,1917,female,Die Rebächle,Villinger_Hermine_Die_Rebaechle,1910,42068,7185,1910,192,121,121,434,"0,01031663022",
2162,gutenberg,Eufemia,von Adlersfeld-Ballestrem,Deutschland,Anna Eufemia Carolina Gräfin von Adlersfeld-Ballestrem,Eufemia von Adlersfeld-Ballestrem,1854,1941,female,Amönenhof,von_Adlersfeld-Ballestrem_Eufemia_Amoenenhof,1918,92047,12335,1918,180,109,177,466,"0,005062631047",
2163,gutenberg,Eufemia,von Adlersfeld-Ballestrem,Deutschland,Anna Eufemia Carolina Gräfin von Adlersfeld-Ballestrem,Eufemia von Adlersfeld-Ballestrem,1854,1941,female,Rosazimmer,von_Adlersfeld-Ballestrem_Eufemia_Rosazimmer,1908,71944,9975,1908,73,54,88,215,"0,00298843545",
2167,gutenberg,Frieda,von Bülow,Deutschland,Frieda Sophie Luise Freiin von Bülow,Frieda von Bülow,1857,1909,female,Die stilisierte Frau,von_Buelow_Frieda_Die_schoensten_Novellen_Die_stilisierte_Frau,1893,13725,3821,1893,16,41,38,95,"0,006921675774",
2168,gutenberg,Frieda,von Bülow,Deutschland,Frieda Sophie Luise Freiin von Bülow,Frieda von Bülow,1857,1909,female,Lass mich nun vergessen,von_Buelow_Frieda_Die_schoensten_Novellen_Lass_mich_nun_vergessen,1893,17883,4531,1893,22,19,21,62,"0,003466979813",
2169,gutenberg,Frieda,von Bülow,Deutschland,Frieda Sophie Luise Freiin von Bülow,Frieda von Bülow,1857,1909,female,Sie und Er,von_Buelow_Frieda_Die_schoensten_Novellen_Sie_und_Er,1893,8214,2533,1893,9,18,9,36,"0,00438276114",
2170,gutenberg,Frieda,von Bülow,Deutschland,Frieda Sophie Luise Freiin von Bülow,Frieda von Bülow,1857,1909,female,Zwei Menschen,von_Buelow_Frieda_Die_schoensten_Novellen_Zwei_Menschen,1893,15477,4051,1893,34,40,102,176,"0,01137171286",
2173,textgrid,Marie,von Ebner-Eschenbach,Österreich,Marie Dubský von Třebomyslice,Marie von Ebner-Eschenbach,1830,1916,female,Agave,von_Ebner-Eschenbach_Marie_Agave,1903,42175,8326,1903,70,78,97,245,"0,005809128631",
2174,textgrid,Marie,von Ebner-Eschenbach,Österreich,Marie Dubský von Třebomyslice,Marie von Ebner-Eschenbach,1830,1916,female,Bozena,von_Ebner-Eschenbach_Marie_Bozena,1875,62692,10578,1875,138,132,117,387,"0,006173036432",
2175,textgrid,Marie,von Ebner-Eschenbach,Österreich,Marie Dubský von Třebomyslice,Marie von Ebner-Eschenbach,1830,1916,female,Das Gemeindekind,von_Ebner-Eschenbach_Marie_Das_Gemeindekind,1887,63844,9955,1887,212,95,161,468,"0,007330367771",
2176,textgrid,Marie,von Ebner-Eschenbach,Österreich,Marie Dubský von Třebomyslice,Marie von Ebner-Eschenbach,1830,1916,female,Das Schädliche,von_Ebner-Eschenbach_Marie_Das_Schaedliche,1894,20001,4676,1894,59,38,36,133,"0,006649667517",
2177,textgrid,Marie,von Ebner-Eschenbach,Österreich,Marie Dubský von Třebomyslice,Marie von Ebner-Eschenbach,1830,1916,female,Der gute Mond,von_Ebner-Eschenbach_Marie_Der_gute_Mond,1886,8724,2589,1886,27,15,23,65,"0,007450710683",
2178,textgrid,Marie,von Ebner-Eschenbach,Österreich,Marie Dubský von Třebomyslice,Marie von Ebner-Eschenbach,1830,1916,female,Der Herr Hofrat,von_Ebner-Eschenbach_Marie_Der_Herr_Hofrat,1912,14438,4019,1912,25,45,41,111,"0,007688045436",
2179,textgrid,Marie,von Ebner-Eschenbach,Österreich,Marie Dubský von Třebomyslice,Marie von Ebner-Eschenbach,1830,1916,female,Der Kreisphysikus,von_Ebner-Eschenbach_Marie_Der_Kreisphysikus,1883,21134,5532,1883,49,51,80,180,"0,00851708148",
2180,gutenberg,Marie,von Ebner-Eschenbach,Österreich,Marie Dubský von Třebomyslice,Marie von Ebner-Eschenbach,1830,1916,female,Der Säger,von_Ebner-Eschenbach_Marie_Der_Saeger,1910,4343,1611,1910,8,17,14,39,"0,008979967764",
2181,textgrid,Marie,von Ebner-Eschenbach,Österreich,Marie Dubský von Třebomyslice,Marie von Ebner-Eschenbach,1830,1916,female,Der Vorzugsschüler,von_Ebner-Eschenbach_Marie_Der_Vorzugsschueler,1898,12857,3406,1898,42,8,23,73,"0,005677840865",
2182,gutenberg,Marie,von Ebner-Eschenbach,Österreich,Marie Dubský von Třebomyslice,Marie von Ebner-Eschenbach,1830,1916,female,Die arme Kleine,von_Ebner-Eschenbach_Marie_Die_arme_Kleine,1903,58501,9586,1903,175,117,202,494,"0,008444300097",
2183,textgrid,Marie,von Ebner-Eschenbach,Österreich,Marie Dubský von Třebomyslice,Marie von Ebner-Eschenbach,1830,1916,female,Die Freiherren von Gemperlein,von_Ebner-Eschenbach_Marie_Die_Freiherren_von_Gemperlein,1889,14745,4136,1889,58,37,59,154,"0,01044421838",
2184,textgrid,Marie,von Ebner-Eschenbach,Österreich,Marie Dubský von Třebomyslice,Marie von Ebner-Eschenbach,1830,1916,female,Die Poesie des Unbewussten,von_Ebner-Eschenbach_Marie_Die_Poesie_des_Unbewussten,1883,3630,1222,1883,8,6,16,30,"0,00826446281",
2185,gutenberg,Marie,von Ebner-Eschenbach,Österreich,Marie Dubský von Třebomyslice,Marie von Ebner-Eschenbach,1830,1916,female,Die Resel,von_Ebner-Eschenbach_Marie_Die_Resel,1883,4997,1549,1883,16,3,15,34,"0,006804082449",
2186,gutenberg,Marie,von Ebner-Eschenbach,Österreich,Marie Dubský von Třebomyslice,Marie von Ebner-Eschenbach,1830,1916,female,Die Spitzin,von_Ebner-Eschenbach_Marie_Die_Spitzin,1901,3498,1295,1901,41,4,10,55,"0,01572327044",
2187,gutenberg,Marie,von Ebner-Eschenbach,Österreich,Marie Dubský von Třebomyslice,Marie von Ebner-Eschenbach,1830,1916,female,Die Sünderin,von_Ebner-Eschenbach_Marie_Die_Suenderin,1915,2235,877,1915,2,6,5,13,"0,00581655481",
2188,gutenberg,Marie,von Ebner-Eschenbach,Österreich,Marie Dubský von Třebomyslice,Marie von Ebner-Eschenbach,1830,1916,female,Die Totenwacht,von_Ebner-Eschenbach_Marie_Die_Totenwacht,1894,6444,1925,1894,18,2,8,28,"0,00434512725",
2189,textgrid,Marie,von Ebner-Eschenbach,Österreich,Marie Dubský von Třebomyslice,Marie von Ebner-Eschenbach,1830,1916,female,Ein kleiner Roman,von_Ebner-Eschenbach_Marie_Ein_kleiner_Roman,1879,26364,5643,1879,52,24,68,144,"0,005461993628",
2190,textgrid,Marie,von Ebner-Eschenbach,Österreich,Marie Dubský von Třebomyslice,Marie von Ebner-Eschenbach,1830,1916,female,Ein Spätgeborner,von_Ebner-Eschenbach_Marie_Ein_Spaetgeborner,1875,15738,4247,1875,23,14,26,63,"0,004003049943",
2191,textgrid,Marie,von Ebner-Eschenbach,Österreich,Marie Dubský von Třebomyslice,Marie von Ebner-Eschenbach,1830,1916,female,Er laßt die Hand küssen,von_Ebner-Eschenbach_Marie_Er_lasst_die_Hand,1886,6128,2062,1886,12,9,23,44,"0,007180156658",
2192,textgrid,Marie,von Ebner-Eschenbach,Österreich,Marie Dubský von Třebomyslice,Marie von Ebner-Eschenbach,1830,1916,female,Ihr Traum,von_Ebner-Eschenbach_Marie_Ihr_Traum,1886,9531,2924,1886,13,12,22,47,"0,004931276886",
2193,textgrid,Marie,von Ebner-Eschenbach,Österreich,Marie Dubský von Třebomyslice,Marie von Ebner-Eschenbach,1830,1916,female,Krambambuli,von_Ebner-Eschenbach_Marie_Krambambuli,1883,3811,1475,1883,80,22,15,117,"0,03070060352",
2194,textgrid,Marie,von Ebner-Eschenbach,Österreich,Marie Dubský von Třebomyslice,Marie von Ebner-Eschenbach,1830,1916,female,"Lotti, die Uhrmacherin",von_Ebner-Eschenbach_Marie_Lotti,1880,33544,6897,1880,68,30,40,138,"0,004113999523",
2195,textgrid,Marie,von Ebner-Eschenbach,Österreich,Marie Dubský von Třebomyslice,Marie von Ebner-Eschenbach,1830,1916,female,Maslans Frau,von_Ebner-Eschenbach_Marie_Maslans_Frau,1901,11450,2984,1901,34,19,31,84,"0,007336244541",
2196,textgrid,Marie,von Ebner-Eschenbach,Österreich,Marie Dubský von Třebomyslice,Marie von Ebner-Eschenbach,1830,1916,female,Nach dem Tode,von_Ebner-Eschenbach_Marie_Nach_dem_Tode,1883,24318,5678,1883,56,53,75,184,"0,007566411711",
2197,gutenberg,Marie,von Ebner-Eschenbach,Österreich,Marie Dubský von Třebomyslice,Marie von Ebner-Eschenbach,1830,1916,female,Oversberg,von_Ebner-Eschenbach_Marie_Oversberg,1892,14044,3364,1892,32,13,32,77,"0,005482768442",
2198,textgrid,Marie,von Ebner-Eschenbach,Österreich,Marie Dubský von Třebomyslice,Marie von Ebner-Eschenbach,1830,1916,female,Unsühnbar,von_Ebner-Eschenbach_Marie_Unsuehnbar,1890,58015,10538,1890,189,84,212,485,"0,008359906921",
2199,gutenberg,Marie,von Ebner-Eschenbach,Österreich,Marie Dubský von Třebomyslice,Marie von Ebner-Eschenbach,1830,1916,female,Unverbesserlich,von_Ebner-Eschenbach_Marie_Unverbesserlich,1910,13905,3870,1910,47,25,35,107,"0,007695073714",
2200,gutenberg,Nataly,von Eschstruth,Deutschland,"Nataly (Natalie) Auguste Karline Amalie Hermine von Eschstruth, Nataly von Knobelsdorff-Brenkenhoff",Nataly von Eschstruth,1860,1939,female,Der Irrgeist des Schlosses,von_Eschstruth_Nataly_Der_Irrgeist_des_Schlosses,1886,60513,10477,1886,137,254,311,702,"0,01160081305",
2201,gutenberg,Nataly,von Eschstruth,Deutschland,"Nataly (Natalie) Auguste Karline Amalie Hermine von Eschstruth, Nataly von Knobelsdorff-Brenkenhoff",Nataly von Eschstruth,1860,1939,female,Der Stern des Glücks,von_Eschstruth_Nataly_Der_Stern_des_Gluecks,1913,79555,12722,1913,146,177,179,502,"0,006310099931",
2202,gutenberg,Nataly,von Eschstruth,Deutschland,"Nataly (Natalie) Auguste Karline Amalie Hermine von Eschstruth, Nataly von Knobelsdorff-Brenkenhoff",Nataly von Eschstruth,1860,1939,female,Der verlorene Sohn,von_Eschstruth_Nataly_Der_verlorene_Sohn,1902,95596,13772,1902,220,205,154,579,"0,006056738776",
2203,gutenberg,Nataly,von Eschstruth,Deutschland,"Nataly (Natalie) Auguste Karline Amalie Hermine von Eschstruth, Nataly von Knobelsdorff-Brenkenhoff",Nataly von Eschstruth,1860,1939,female,Die Bären von Hohen-Esp,von_Eschstruth_Nataly_Die_Baeren_von_Hohen-Esp,1902,60038,9670,1902,170,114,370,654,"0,01089310104",
2204,gutenberg,Nataly,von Eschstruth,Deutschland,"Nataly (Natalie) Auguste Karline Amalie Hermine von Eschstruth, Nataly von Knobelsdorff-Brenkenhoff",Nataly von Eschstruth,1860,1939,female,Die Erlkönigin,von_Eschstruth_Nataly_Die_Erlkoenigin,1870,53570,9419,1870,125,243,212,580,"0,01082695539",
2205,gutenberg,Nataly,von Eschstruth,Deutschland,"Nataly (Natalie) Auguste Karline Amalie Hermine von Eschstruth, Nataly von Knobelsdorff-Brenkenhoff",Nataly von Eschstruth,1860,1939,female,Frühlingsstürme,von_Eschstruth_Nataly_Fruehlingsstuerme,1899,109338,15173,1899,179,361,436,976,"0,008926448261",
2206,gutenberg,Nataly,von Eschstruth,Deutschland,"Nataly (Natalie) Auguste Karline Amalie Hermine von Eschstruth, Nataly von Knobelsdorff-Brenkenhoff",Nataly von Eschstruth,1860,1939,female,Gänseliesel,von_Eschstruth_Nataly_Gaenseliesel,1886,121953,17683,1886,408,576,500,1484,"0,01216862234",
2207,gutenberg,Nataly,von Eschstruth,Deutschland,"Nataly (Natalie) Auguste Karline Amalie Hermine von Eschstruth, Nataly von Knobelsdorff-Brenkenhoff",Nataly von Eschstruth,1860,1939,female,Hofluft,von_Eschstruth_Nataly_Hofluft,1889,104763,16828,1889,374,375,253,1002,"0,009564445463",
2208,gutenberg,Nataly,von Eschstruth,Deutschland,"Nataly (Natalie) Auguste Karline Amalie Hermine von Eschstruth, Nataly von Knobelsdorff-Brenkenhoff",Nataly von Eschstruth,1860,1939,female,Jung gefreit,von_Eschstruth_Nataly_Jung_gefreit,1897,116475,15798,1897,264,398,260,922,"0,007915861773",
2209,textgrid,Louise,von François,Deutschland,Marie Louise von François,Louise von François,1817,1893,female,Der Katzenjunker,von_Francois_Louise_Der_Katzenjunker,1879,36585,8756,1879,187,145,207,539,"0,01473281399",
2210,textgrid,Louise,von François,Deutschland,Marie Louise von François,Louise von François,1817,1893,female,Der Posten der Frau,von_Francois_Louise_Der_Posten_der_Frau,1881,19962,5055,1881,37,18,101,156,"0,007814848212",
2211,DTA,Louise,von François,Deutschland,Marie Louise von François,Louise von François,1817,1893,female,Die letzte Reckenburgerin,von_Francois_Louise_Die_letzte_Reckenburgerin,1871/1870,92228,15814,1870,210,180,366,756,"0,00819707681",
2212,gutenberg,Louise,von François,Deutschland,Marie Louise von François,Louise von François,1817,1893,female,Judith die Kluswirtin,von_Francois_Louise_Judith_die_Kluswirtin,1883,45128,9448,1883,117,118,310,545,"0,01207675944",
2213,textgrid,Louise,von François,Deutschland,Marie Louise von François,Louise von François,1817,1893,female,Phosphorus Hollunder,von_Francois_Louise_Phosphorus_Hollunder,1881,14070,4225,1881,27,43,33,103,"0,007320540156",
2214,textgrid,Louise,von François,Deutschland,Marie Louise von François,Louise von François,1817,1893,female,Stufenjahre eines Glücklichen,von_Francois_Louise_Stufenjahre_eines_Gluecklichen,1877,163891,23000,1877,295,394,529,1218,"0,007431768676",
2215,gutenberg,Claire,von Glümer,Deutschland,,Claire von Glümer,1825,1906,female,Gesühnt,von_Gluemer_Claire_Gesuehnt,1876,26981,4799,1876,20,20,104,144,"0,005337089063",
2221,gutenberg,Elisabeth,von Heyking,Deutschland,geb. Elisabeth von Flemming,Elisabeth von Heyking,1861,1925,female,Aus dem Land der Ostseeritter,von_Heyking_Elisabeth_Aus_dem_Land,1903,8630,2817,1903,36,89,74,199,"0,02305909618",
2222,textgrid,Elisabeth,von Heyking,Deutschland,geb. Elisabeth von Flemming,Elisabeth von Heyking,1861,1925,female,"Briefe, die ihn nicht erreichten",von_Heyking_Elisabeth_Briefe,1902,47373,9114,1902,97,139,293,529,"0,01116669833",
2223,textgrid,Elisabeth,von Heyking,Deutschland,geb. Elisabeth von Flemming,Elisabeth von Heyking,1861,1925,female,Das Geheimnis des Amerikaners,von_Heyking_Elisabeth_Das_Geheimnis_des_Amerikaners,1905,3843,1622,1905,6,1,16,23,"0,005984907624",
2224,textgrid,Elisabeth,von Heyking,Deutschland,geb. Elisabeth von Flemming,Elisabeth von Heyking,1861,1925,female,Der Tag Anderer,von_Heyking_Elisabeth_Der_Tag_Anderer,1905,23851,5187,1905,38,29,71,138,"0,005785920926",
2225,gutenberg,Elisabeth,von Heyking,Deutschland,geb. Elisabeth von Flemming,Elisabeth von Heyking,1861,1925,female,Die Orgelpfeifen,von_Heyking_Elisabeth_Die_Orgelpfeifen,1918,15117,4088,1918,18,59,102,179,"0,01184097374",
2226,textgrid,Elisabeth,von Heyking,Deutschland,geb. Elisabeth von Flemming,Elisabeth von Heyking,1861,1925,female,Gewesen,von_Heyking_Elisabeth_Gewesen,1905,5395,2101,1905,6,22,19,47,"0,008711770158",
2227,gutenberg,Elisabeth,von Heyking,Deutschland,geb. Elisabeth von Flemming,Elisabeth von Heyking,1861,1925,female,Ille mihi,von_Heyking_Elisabeth_Ille_mihi,1905,96840,14491,1905,281,216,461,958,"0,009892606361",
2228,gutenberg,Elisabeth,von Heyking,Deutschland,geb. Elisabeth von Flemming,Elisabeth von Heyking,1861,1925,female,"Liebe, Diplomatie und Holzhäuser",von_Heyking_Elisabeth_Liebe,1919,81793,12177,1919,118,213,339,670,"0,008191410023",
2229,textgrid,Elisabeth,von Heyking,Deutschland,geb. Elisabeth von Flemming,Elisabeth von Heyking,1861,1925,female,Tschun,von_Heyking_Elisabeth_Tschun,1914,62898,10807,1914,206,77,224,507,"0,008060669656",
2230,textgrid,Elisabeth,von Heyking,Deutschland,geb. Elisabeth von Flemming,Elisabeth von Heyking,1861,1925,female,Über einen Hund und die Monroe-Doktrin,von_Heyking_Elisabeth_Ueber_einen_Hund,1905,6261,2132,1905,50,5,52,107,"0,01708992174",
2288,textgrid,Malwida,von Meysenbug,Deutschland,Malwida Rivalier,Malwida von Meysenbug,1816,1903,female,Der heilige Michael,von_Meysenbug_Malwida_Der_heilige_Michael,1907,8306,2410,1907,3,22,10,35,"0,004213821334",
2289,textgrid,Malwida,von Meysenbug,Deutschland,Malwida Rivalier,Malwida von Meysenbug,1816,1903,female,Der Pfad der Äbtissin,von_Meysenbug_Malwida_Der_Pfad_der_Aebtissin,1907,14782,3865,1907,19,63,120,202,"0,01366526857",
2290,textgrid,Malwida,von Meysenbug,Deutschland,Malwida Rivalier,Malwida von Meysenbug,1816,1903,female,Himmlische und irdische Liebe,von_Meysenbug_Malwida_Himmlische_und_irdische_Liebe,1905,37867,6730,1905,10,54,60,124,"0,003274619061",
2291,textgrid,Malwida,von Meysenbug,Deutschland,Malwida Rivalier,Malwida von Meysenbug,1816,1903,female,Unerfüllt,von_Meysenbug_Malwida_Unerfuellt,1907,34174,5988,1907,26,39,51,116,"0,003394393398",
2292,textgrid,Malwida,von Meysenbug,Deutschland,Malwida Rivalier,Malwida von Meysenbug,1816,1903,female,Zu spät,von_Meysenbug_Malwida_Zu_spaet,1907,22447,4295,1907,7,16,22,45,"0,002004722235",
2315,gutenberg,Emmy,von Rhoden,Deutschland,Emilie Auguste Karoline Henriette Friedrich- Friedrich geb. Kühne,Emmy von Rhoden,1829,1885,female,Der Trotzkopf,von_Rhoden_Emmy_Der_Trotzkopf,1885,52882,7074,1885,103,233,61,397,"0,00750728036",
2374,textgrid,Bertha,von Suttner,Österreich,"B. Oulot, Jemand, Bertha Sophia Felicita Freifrau von Suttner, geb. Gräfin Kinsky von Wchinitz und Tettau",Bertha von Suttner,1843,1914,female,Die Waffen nieder!,von_Suttner_Bertha_Die_Waffen_nieder,1889,128986,18656,1889,187,119,319,625,"0,004845487107",
2375,gutenberg,Bertha,von Suttner,Österreich,"B. Oulot, Jemand, Bertha Sophia Felicita Freifrau von Suttner, geb. Gräfin Kinsky von Wchinitz und Tettau",Bertha von Suttner,1843,1914,female,Eva Siebeck,von_Suttner_Bertha_Eva_Siebeck,1889,67804,10809,1889,95,47,145,287,"0,004232788626",
1385,gutenberg,Emerenz,Meier,Deutschland,,Emerenz Meier,1874,1928,female,Aus dem Elend,Meier_Emerenz_Aus_dem_Elend,1897,24445,5412,1897,44,52,83,179,"0,007322560851",
34,DTA,Lou,Andreas-Salomé,Deutschland/Russland,"Louise von Salomé, Henri Lou, Lolja von Salomé",Lou Andreas-Salomé,1861,1937,female,Fenitschka. Eine Ausschweifung,Andreas-Salome_Lou_Fenitschka,1898,36395,6868,1898,51,24,51,126,"0,003462014013",
35,gutenberg,Lou,Andreas-Salomé,Deutschland/Russland,"Louise von Salomé, Henri Lou, Lolja von Salomé",Lou Andreas-Salomé,1861,1937,female,Ruth,Andreas-Salome_Lou_Ruth,1895,70158,9258,1895,102,193,190,485,"0,006912967873",
36,gutenberg,Louise,Anklam,Deutschland,,Louise Anklam,,,female,Bestrafte Schmähsucht oder Treue Freundschaft,Anklam_Louise_Kindergeschichten_Bestrafte_Schmaehsucht,1898,3509,1111,1898,7,5,7,19,"0,005414648048",
37,gutenberg,Louise,Anklam,Deutschland,,Louise Anklam,,,female,Das Stiefmütterchen,Anklam_Louise_Kindergeschichten_Das_Stiefmuetterchen,1898,3593,1118,1898,0,2,0,2,"0,000556637907",
38,gutenberg,Louise,Anklam,Deutschland,,Louise Anklam,,,female,Der Herr Kaiser,Anklam_Louise_Kindergeschichten_Der_Herr_Kaiser,1898,3585,1199,1898,4,2,8,14,"0,003905160391",
39,gutenberg,Louise,Anklam,Deutschland,,Louise Anklam,,,female,Der Mutter Geburtstag,Anklam_Louise_Kindergeschichten_Der_Mutter_Geburtstag,1898,2457,922,1898,1,18,6,25,"0,01017501018",
40,gutenberg,Louise,Anklam,Deutschland,,Louise Anklam,,,female,Der Weihnachtsabend,Anklam_Louise_Kindergeschichten_Der_Weihnachtsabend,1898,3781,1202,1898,2,21,1,24,"0,006347527109",
41,gutenberg,Louise,Anklam,Deutschland,,Louise Anklam,,,female,Der wilde Arno,Anklam_Louise_Kindergeschichten_Der_wilde_Arno,1898,3895,1325,1898,9,24,12,45,"0,01155327343",
42,gutenberg,Louise,Anklam,Deutschland,,Louise Anklam,,,female,Der Wunderdoktor,Anklam_Louise_Kindergeschichten_Der_Wunderdoktor,1898,4639,1420,1898,3,15,9,27,"0,005820219875",
43,gutenberg,Louise,Anklam,Deutschland,,Louise Anklam,,,female,Die Ferien beim Großpapa,Anklam_Louise_Kindergeschichten_Die_Ferien_beim_Grosspapa,1898,1735,734,1898,0,6,3,9,"0,005187319885",
44,gutenberg,Louise,Anklam,Deutschland,,Louise Anklam,,,female,Frühlingslust,Anklam_Louise_Kindergeschichten_Fruehlingslust,1898,2453,899,1898,9,23,37,69,"0,02812882185",
45,gutenberg,Louise,Anklam,Deutschland,,Louise Anklam,,,female,Waldröschen,Anklam_Louise_Kindergeschichten_Waldroeschen,1898,1833,752,1898,4,2,12,18,"0,009819967267",
63,gutenberg,Brigitte,Augusti,Deutschland,"Auguste Plehn, geb. Bresler",Brigitte Augusti,1839,1930,female,Mädchenlose,Augusti_Brigitte_Maedchenlose,1882,42690,7339,1882,62,154,160,376,"0,008807683298",
109,gutenberg,Alice,Berend,Deutschland,,Alice Berend,1875,1938,female,Die Bräutigame der Babette Bomberling,Berend_Alice_Die_Braeutigame_der_Babette,1915,32708,6075,1915,96,96,45,237,"0,007245933717",
110,gutenberg,Alice,Berend,Deutschland,,Alice Berend,1875,1938,female,Die Reise des Herrn Sebastian Wenzel,Berend_Alice_Die_Reise_des_Herrn,1911,43698,7464,1911,161,103,142,406,"0,009291043068",
111,gutenberg,Alice,Berend,Deutschland,,Alice Berend,1875,1938,female,Frau Hempels Tochter,Berend_Alice_Frau_Hempels_Tochter,1912,47578,7387,1912,112,118,161,391,"0,008218083988",
112,gutenberg,Alice,Berend,Deutschland,,Alice Berend,1875,1938,female,Spreemann & Co,Berend_Alice_Spreemann,1916,70357,10438,1916,180,196,113,489,"0,006950267919",
113,gutenberg,Marie,Bernhard,Deutschland,Bernhard Frey,Marie Bernhard,1852,1937,female,Heimatluft,Bernhard_Marie_Heimatluft,1905,17902,4522,1905,22,102,101,225,"0,01256842811",
155,gutenberg,Ida,Bindschedler,Schweiz,,Ida Bindschedler,1854,1919,female,Die Leuenhofer,Bindschedler_Ida_Die_Leuenhofer,1919,67990,8011,1919,293,290,315,898,"0,01320782468",
156,gutenberg,Ida,Bindschedler,Schweiz,,Ida Bindschedler,1854,1919,female,Die Turnachkinder im Sommer,Bindschedler_Ida_Die_Turnachkinder_im_Sommer,1906,62232,7351,1906,464,412,499,1375,"0,02209474225",
157,gutenberg,Ida,Bindschedler,Schweiz,,Ida Bindschedler,1854,1919,female,Die Turnachkinder im Winter,Bindschedler_Ida_Die_Turnachkinder_im_Winter,1909,58220,7659,1909,443,192,189,824,"0,01415321195",
172,gutenberg,Clara,Blüthgen,Deutschland,"Auguste Clara Blüthgen, geb. Kilburger, geschiedene Eysell",Clara Blüthgen,1856,1934,female,Dilettanten des Lasters,Bluethgen_Clara_Dilettanten_des_Lasters,1905,58775,10184,1905,60,67,127,254,"0,004321565291",
178,gutenberg,Helene,Böhlau,Deutschland,Helene al Raschid Bey,Helene Böhlau,1856,1940,female,Das ehrbußliche Weiblein,Boehlau_Helene_Altweimarische_Liebesgeschichten_Das_ehrbussliche_Weiblein,1897,9266,2275,1897,39,16,16,71,"0,007662421757",
179,gutenberg,Helene,Böhlau,Deutschland,Helene al Raschid Bey,Helene Böhlau,1856,1940,female,Eine kuriose Geschichte,Boehlau_Helene_Altweimarische_Liebesgeschichten_Eine_kuriose_Geschichte,1897,12749,2874,1897,36,25,23,84,"0,006588752059",
180,gutenberg,Helene,Böhlau,Deutschland,Helene al Raschid Bey,Helene Böhlau,1856,1940,female,Im alten Rödchen zu Weimar,Boehlau_Helene_Altweimarische_Liebesgeschichten_Im_alten_Roedchen,1897,26971,5184,1897,141,121,115,377,"0,01397797634",
181,gutenberg,Helene,Böhlau,Deutschland,Helene al Raschid Bey,Helene Böhlau,1856,1940,female,Der schöne Valentin,Boehlau_Helene_Der_schoene_Valentin,1903,34616,6098,1903,66,121,115,302,"0,008724289346",
182,gutenberg,Helene,Böhlau,Deutschland,Helene al Raschid Bey,Helene Böhlau,1856,1940,female,Ein Sommerbuch,Boehlau_Helene_Ein_Sommerbuch,1910,60163,9015,1910,176,295,330,801,"0,01331383076",
183,gutenberg,Helene,Böhlau,Deutschland,Helene al Raschid Bey,Helene Böhlau,1856,1940,female,Ratsmädelgeschichten,Boehlau_Helene_Ratsmaedelgeschichten,1888,44751,7707,1888,125,99,110,334,"0,007463520368",
184,gutenberg,Margarete,Böhme,Deutschland,"Margarete Schlüter, Ormános Sandor, Wilhelmine Margarete Susanna Feddersen",Margarete Böhme,1867,1939,female,Tagebuch einer Verlorenen,Boehme_Margarete_Tagebuch_einer_Verlorenen,1905,85707,11722,1905,177,166,176,519,"0,006055514719",
187,gutenberg,Ida,Boy-Ed,Deutschland,Ida Cornelia Ernestina Ed,Ida Boy-Ed,1852,1918,female,Die Opferschale,Boy-Ed_Ida_Die_Opferschale,1916,94468,13501,1916,93,146,401,640,"0,006774780878",
188,gutenberg,Ida,Boy-Ed,Deutschland,Ida Cornelia Ernestina Ed,Ida Boy-Ed,1852,1918,female,Ein königlicher Kaufmann,Boy-Ed_Ida_Ein_koeniglicher_Kaufmann,1910,94235,14119,1910,48,111,230,389,"0,004127977928",
891,textgrid,Maria,Janitschek,Deutschland,Maria Tölk,Maria Janitschek,1859,1927,female,Am Ziel,Janitschek_Maria_Am_Ziel,1897,1962,831,1897,5,1,7,13,"0,006625891947",
892,textgrid,Maria,Janitschek,Deutschland,Maria Tölk,Maria Janitschek,1859,1927,female,Darüber kommt kein Weib hinweg ...,Janitschek_Maria_Darueber_kommt_kein_Weib,1902,1339,694,1902,2,0,2,4,"0,002987303958",
893,textgrid,Maria,Janitschek,Deutschland,Maria Tölk,Maria Janitschek,1859,1927,female,Das kleine Hündchen,Janitschek_Maria_Das_kleine_Huendchen,1897,3940,1451,1897,30,5,20,55,"0,01395939086",
894,textgrid,Maria,Janitschek,Deutschland,Maria Tölk,Maria Janitschek,1859,1927,female,Das neue Weib,Janitschek_Maria_Das_neue_Weib,1902,2469,1075,1902,3,1,3,7,"0,002835155934",
895,textgrid,Maria,Janitschek,Deutschland,Maria Tölk,Maria Janitschek,1859,1927,female,Der Betrogene,Janitschek_Maria_Der_Betrogene,1902,4302,1634,1902,16,6,2,24,"0,005578800558",
896,textgrid,Maria,Janitschek,Deutschland,Maria Tölk,Maria Janitschek,1859,1927,female,Die Amazonenschlacht,Janitschek_Maria_Die_Amazonenschlacht,1897,17798,4230,1897,21,15,13,49,"0,002753118328",
897,textgrid,Maria,Janitschek,Deutschland,Maria Tölk,Maria Janitschek,1859,1927,female,Einer Mutter Sieg,Janitschek_Maria_Einer_Mutter_Sieg,1900,32878,5592,1900,115,60,109,284,"0,008637995012",
898,textgrid,Maria,Janitschek,Deutschland,Maria Tölk,Maria Janitschek,1859,1927,female,Elias,Janitschek_Maria_Elias,1897,5699,1908,1897,16,21,53,90,"0,01579224425",
899,textgrid,Maria,Janitschek,Deutschland,Maria Tölk,Maria Janitschek,1859,1927,female,Himmlische und irdische Flammen,Janitschek_Maria_Himmlische_und_irdische_Flammen,1897,4448,1478,1897,7,14,27,48,"0,01079136691",
900,textgrid,Maria,Janitschek,Deutschland,Maria Tölk,Maria Janitschek,1859,1927,female,Hysterie,Janitschek_Maria_Hysterie,1902,3544,1475,1902,5,8,8,21,"0,005925507901",
901,textgrid,Maria,Janitschek,Deutschland,Maria Tölk,Maria Janitschek,1859,1927,female,In elfter Stunde,Janitschek_Maria_In_elfter_Stunde,1895,4829,1639,1895,17,22,15,54,"0,01118243943",
902,textgrid,Maria,Janitschek,Deutschland,Maria Tölk,Maria Janitschek,1859,1927,female,»In Schönheit«,Janitschek_Maria_In_Schoenheit,1902,1433,742,1902,3,7,7,17,"0,01186322401",
903,textgrid,Maria,Janitschek,Deutschland,Maria Tölk,Maria Janitschek,1859,1927,female,Kind Gottes,Janitschek_Maria_Kind_Gottes,1897,1991,798,1897,7,5,19,31,"0,01557006529",
904,textgrid,Maria,Janitschek,Deutschland,Maria Tölk,Maria Janitschek,1859,1927,female,Klare Rechnung,Janitschek_Maria_Klare_Rechnung,1897,7196,2322,1897,21,25,52,98,"0,01361867704",
905,textgrid,Maria,Janitschek,Deutschland,Maria Tölk,Maria Janitschek,1859,1927,female,Königin Judith,Janitschek_Maria_Koenigin_Judith,1895,4006,1496,1895,9,17,21,47,"0,0117324014",
906,textgrid,Maria,Janitschek,Deutschland,Maria Tölk,Maria Janitschek,1859,1927,female,Land!,Janitschek_Maria_Land,1897,5294,1903,1897,9,19,47,75,"0,01416698149",
907,textgrid,Maria,Janitschek,Deutschland,Maria Tölk,Maria Janitschek,1859,1927,female,Liebeswunder,Janitschek_Maria_Liebeswunder,1900,16040,3595,1900,32,39,46,117,"0,007294264339",
908,textgrid,Maria,Janitschek,Deutschland,Maria Tölk,Maria Janitschek,1859,1927,female,Lilienzauber,Janitschek_Maria_Lilienzauber,1895,7877,2414,1895,20,34,31,85,"0,01079091025",
909,textgrid,Maria,Janitschek,Deutschland,Maria Tölk,Maria Janitschek,1859,1927,female,Moderne Ehe,Janitschek_Maria_Moderne_Ehe,1902,1839,877,1902,3,0,0,3,"0,00163132137",
910,textgrid,Maria,Janitschek,Deutschland,Maria Tölk,Maria Janitschek,1859,1927,female,Neue Erziehung und alte Moral,Janitschek_Maria_Neue_Erziehung,1902,4089,1511,1902,19,4,9,32,"0,007825874297",
911,textgrid,Maria,Janitschek,Deutschland,Maria Tölk,Maria Janitschek,1859,1927,female,Ninive,Janitschek_Maria_Ninive,1896,45274,7656,1896,70,60,63,193,"0,004262932367",
912,textgrid,Maria,Janitschek,Deutschland,Maria Tölk,Maria Janitschek,1859,1927,female,Poverino,Janitschek_Maria_Poverino,1897,3508,1378,1897,16,11,30,57,"0,01624857469",
913,textgrid,Maria,Janitschek,Deutschland,Maria Tölk,Maria Janitschek,1859,1927,female,Stummer Kampf,Janitschek_Maria_Stummer_Kampf,1897,2273,898,1897,12,4,9,25,"0,01099868016",
984,gutenberg,Johanna,Klemm,Deutschland,"Johanna Henriette Catharina Klemm, Johanne Klemm",Johanna Klemm,1856,1924,female,Das Rätsel von Grünweide,Klemm_Johanna_Das_Raetsel_von_Gruenweide,1900,86151,10386,1900,127,123,229,479,"0,005560005107",
987,gutenberg,Alma Johanna,Koenig,Österreich,Johannes Herdan,Alma Johanna Koenig,1887,1942,female,Schibes,Koenig_Alma_Johanna_Schibes,1920,12757,2783,1920,124,18,20,162,"0,0126989104",
1243,textgrid,Eugenie,Marlitt,Deutschland,Friederieke Henriette Christiane Eugenie John,Eugenie Marlitt,1825,1887,female,Amtmanns Magd,Marlitt_Eugenie_Amtmanns_Magd,1881,59485,10657,1881,172,215,421,808,"0,01358325628",
1244,gutenberg,Eugenie,Marlitt,Deutschland,Friederieke Henriette Christiane Eugenie John,Eugenie Marlitt,1825,1887,female,Das Eulenhaus,Marlitt_Eugenie_Das_Eulenhaus,1888,89912,12261,1888,178,290,375,843,"0,009375834149",
1245,textgrid,Eugenie,Marlitt,Deutschland,Friederieke Henriette Christiane Eugenie John,Eugenie Marlitt,1825,1887,female,Das Heideprinzeßchen,Marlitt_Eugenie_Das_Heideprinzesschen,1872,123763,15847,1872,313,427,638,1378,"0,01113418388",
1246,textgrid,Eugenie,Marlitt,Deutschland,Friederieke Henriette Christiane Eugenie John,Eugenie Marlitt,1825,1887,female,Die Frau mit den Karfunkelsteinen,Marlitt_Eugenie_Die_Frau_mit_den_Karfunkelsteinen,1885,95673,13971,1885,217,239,200,656,"0,00685668893",
1247,gutenberg,Eugenie,Marlitt,Deutschland,Friederieke Henriette Christiane Eugenie John,Eugenie Marlitt,1825,1887,female,Die zweite Frau,Marlitt_Eugenie_Die_zweite_Frau,1874,97922,14885,1874,194,292,327,813,"0,008302526501",
1248,gutenberg,Eugenie,Marlitt,Deutschland,Friederieke Henriette Christiane Eugenie John,Eugenie Marlitt,1825,1887,female,Im Schillingshof,Marlitt_Eugenie_Im_Schillingshof,1880,129792,18657,1880,384,436,545,1365,"0,01051682692",
1249,textgrid,Eugenie,Marlitt,Deutschland,Friederieke Henriette Christiane Eugenie John,Eugenie Marlitt,1825,1887,female,Schulmeisters Marie,Marlitt_Eugenie_Schulmeisters_Marie,1888,19457,4633,1888,17,67,39,123,"0,006321632317",
1392,gutenberg,Emma,Merk,Deutschland,Emma Haushofer-Merk,Emma Merk,1854,1925,female,Die ersehnte Stunde,Merk_Emma_Die_ersehnte_Stunde,1900,9492,2728,1900,13,19,76,108,"0,01137800253",
645,gutenberg,Margarete,Michaelson,Deutschland,Ernst Georgy,Margarete Michaelson,1873,1924,female,Aus den Memoiren einer Berliner Range - Auszüge,Michaelson_Margarete_Aus_den_Memoiren,1899,26755,6733,1899,154,86,148,388,"0,01450196225",
1509,gutenberg,Charlotte,Niese,Deutschland,,Charlotte Niese,1854,1935,female,Als der Mond in Dorothees Zimmer schien,Niese_Charlotte_Als_der_Mond,1917,21074,3692,1917,17,27,56,100,"0,004745183639",
1510,gutenberg,Charlotte,Niese,Deutschland,,Charlotte Niese,1854,1935,female,Aus dänischer Zeit,Niese_Charlotte_Aus_daenischer_Zeit,1892-1894,88030,10759,1892,343,131,224,698,"0,007929115074",
1511,gutenberg,Charlotte,Niese,Deutschland,,Charlotte Niese,1854,1935,female,Das Tagebuch der Ottony von Kelchberg,Niese_Charlotte_Das_Tagebuch_der_Ottony,1913,49039,6085,1913,92,62,99,253,"0,005159159037",
1512,gutenberg,Charlotte,Niese,Deutschland,,Charlotte Niese,1854,1935,female,Der verrückte Flinsheim,Niese_Charlotte_Der_verrueckte_Flinsheim,1914,12200,2820,1914,18,17,29,64,"0,005245901639",
1513,gutenberg,Charlotte,Niese,Deutschland,,Charlotte Niese,1854,1935,female,Die erste Liebe,Niese_Charlotte_Die_erste_Liebe,1896,16481,3185,1896,35,28,52,115,"0,006977731934",
1514,gutenberg,Charlotte,Niese,Deutschland,,Charlotte Niese,1854,1935,female,Die falschen Weihnachtsbäume,Niese_Charlotte_Die_falschen_Weihnachtsbaeume,1920,5773,1517,1920,17,67,32,116,"0,02009353889",
1515,gutenberg,Charlotte,Niese,Deutschland,,Charlotte Niese,1854,1935,female,Es war gut so,Niese_Charlotte_Es_war_gut_so,1910,4204,1323,1910,0,5,7,12,"0,002854424358",
1516,gutenberg,Charlotte,Niese,Deutschland,,Charlotte Niese,1854,1935,female,Corisande,Niese_Charlotte_Geschichten_aus_Corisande_Corisande,1896,7025,1779,1896,7,29,13,49,"0,006975088968",
1517,gutenberg,Charlotte,Niese,Deutschland,,Charlotte Niese,1854,1935,female,Der langweilige Kammerherr,Niese_Charlotte_Geschichten_aus_Corisande_Der_langweilige_Kammerherr,1896,10167,1912,1896,21,20,52,93,"0,009147241074",
1518,gutenberg,Charlotte,Niese,Deutschland,,Charlotte Niese,1854,1935,female,Die Geschichte des Etatsrats,Niese_Charlotte_Geschichten_aus_Corisande_Die_Geschichte_des_Etatsrats,1896,6156,1656,1896,11,5,6,22,"0,003573749188",
1519,gutenberg,Charlotte,Niese,Deutschland,,Charlotte Niese,1854,1935,female,Kajus Rungholt,Niese_Charlotte_Kajus_Rungholt,1886,72301,9666,1886,168,83,263,514,"0,007109168615",
1520,gutenberg,Charlotte,Niese,Deutschland,,Charlotte Niese,1854,1935,female,Reifezeit,Niese_Charlotte_Reifezeit,1908,32884,4725,1908,62,69,82,213,"0,006477314195",
1544,gutenberg,Bertha,Pappenheim,Deutschland/Österreich,,Bertha Pappenheim,1859,1936,female,Der Erlöser,Pappenheim_Bertha_Erzaehlungen_Der_Erloeser,1916,10163,2909,1916,50,10,9,69,"0,006789333858",
1545,gutenberg,Bertha,Pappenheim,Deutschland/Österreich,,Bertha Pappenheim,1859,1936,female,Der Wunderrabbi,Pappenheim_Bertha_Erzaehlungen_Der_Wunderrabbi,1916,5758,1860,1916,18,16,4,38,"0,00659951372",
1546,gutenberg,Bertha,Pappenheim,Deutschland/Österreich,,Bertha Pappenheim,1859,1936,female,Ein Schwächling,Pappenheim_Bertha_Erzaehlungen_Ein_Schwaechling,1916,11267,3188,1916,12,14,14,40,"0,003550190823",
1547,gutenberg,Bertha,Pappenheim,Deutschland/Österreich,,Bertha Pappenheim,1859,1936,female,Im Storchenland,Pappenheim_Bertha_Erzaehlungen_Im_Storchenland,1916,2263,933,1916,49,18,31,98,"0,04330534688",
1548,gutenberg,Bertha,Pappenheim,Deutschland/Österreich,,Bertha Pappenheim,1859,1936,female,Sommerschnee,Pappenheim_Bertha_Sommerschnee,1888,1551,718,1888,4,18,14,36,"0,02321083172",
1614,gutenberg,Gabriele,Reuter,Deutschland,Gabriele Elise Karoline Alexandrine Reuter,Gabriele Reuter,1859,1941,female,Aus guter Familie,Reuter_Gabriele_Aus_guter_Familie,1895,70342,11438,1895,102,159,167,428,"0,006084558301",
1615,gutenberg,Gabriele,Reuter,Deutschland,Gabriele Elise Karoline Alexandrine Reuter,Gabriele Reuter,1859,1941,female,Ellen von der Weiden,Reuter_Gabriele_Ellen_von_der_Weiden,1900,43971,7550,1900,62,149,137,348,"0,007914307157",
1616,gutenberg,Gabriele,Reuter,Deutschland,Gabriele Elise Karoline Alexandrine Reuter,Gabriele Reuter,1859,1941,female,Ins neue Land,Reuter_Gabriele_Ins_neue_Land,1916,30486,6870,1916,82,144,163,389,"0,01275995539",
1618,gutenberg,Therese,Rie,Österreich,Therese Herz,Therese Rie,1878,1934,female,Das Leben,Rie_Therese_Das_Leben,1916,16742,3694,1916,34,31,127,192,"0,0114681639",
1619,gutenberg,Therese,Rie,Österreich,Therese Herz,Therese Rie,1878,1934,female,Die Geschichte der schoenen Simonetta,Rie_Therese_Die_Geschichte_der_schoenen_Simonetta,1916,3876,1353,1916,5,8,4,17,"0,004385964912",
1669,gutenberg,Felicitas,Rose,Deutschland,"Felicitas Rose Moersberger, geb. Rose Felicitas Schliewen",Felicitas Rose,1862,1938,female,Heideschulmeister Uwe Karsten,Rose_Felicitas_Heideschulmeister_Uwe_Karsten,1909,60909,9626,1909,104,150,273,527,"0,00865225172",
1670,gutenberg,Felicitas,Rose,Deutschland,"Felicitas Rose Moersberger, geb. Rose Felicitas Schliewen",Felicitas Rose,1862,1938,female,Kerlchen als Anstandsdame,Rose_Felicitas_Kerlchen_als_Anstandsdame,1900,36991,6974,1900,54,56,61,171,"0,004622746073",
1671,gutenberg,Felicitas,Rose,Deutschland,"Felicitas Rose Moersberger, geb. Rose Felicitas Schliewen",Felicitas Rose,1862,1938,female,Kerlchen als Sorgen- und Sektbrecher,Rose_Felicitas_Kerlchen_als_Sorgen,1910,36472,6824,1910,78,62,81,221,"0,00605944286",
1672,gutenberg,Felicitas,Rose,Deutschland,"Felicitas Rose Moersberger, geb. Rose Felicitas Schliewen",Felicitas Rose,1862,1938,female,Kerlchens Lern- und Wanderjahre,Rose_Felicitas_Kerlchens_Lern-_und_Wanderjahre,1902-1904,40726,7218,1902,89,62,83,234,"0,005745715268",
2376,gutenberg,Bertha,von Suttner,Österreich,"B. Oulot, Jemand, Bertha Sophia Felicita Freifrau von Suttner, geb. Gräfin Kinsky von Wchinitz und Tettau",Bertha von Suttner,1843,1914,female,Franzl und Mirzl,von_Suttner_Bertha_Franzl_und_Mirzl,1905,17062,4323,1905,42,25,26,93,"0,005450709178",
2377,textgrid,Bertha,von Suttner,Österreich,"B. Oulot, Jemand, Bertha Sophia Felicita Freifrau von Suttner, geb. Gräfin Kinsky von Wchinitz und Tettau",Bertha von Suttner,1843,1914,female,Martha's Kinder,von_Suttner_Bertha_Marthas_Kinder,1903,85102,13587,1903,67,113,137,317,"0,003724941835",
2429,gutenberg,Maria,Waser,Schweiz,Maria Krebs,Maria Waser,1878,1939,female,Die Geschichte der Anna Waser,Waser_Maria_Die_Geschichte_der_Anna,1913,113862,15159,1913,189,353,599,1141,"0,0100209025",
2469,gutenberg,Ottilie,Wildermuth,Deutschland,Ottilie Rooschüz,Ottilie Wildermuth,1817,1877,female,Cherubino und Zephirine,Wildermuth_Ottilie_Cherubino_und_Zephirine,1871,13398,3013,1871,34,20,18,72,"0,005373936408",
2470,gutenberg,Ottilie,Wildermuth,Deutschland,Ottilie Rooschüz,Ottilie Wildermuth,1817,1877,female,Auf Schloß Solingen,Wildermuth_Ottilie_Die_alte_Freundin_Auf_Schloss_Solingen,1900,21072,4564,1900,40,51,137,228,"0,01082004556",
2471,gutenberg,Ottilie,Wildermuth,Deutschland,Ottilie Rooschüz,Ottilie Wildermuth,1817,1877,female,Das Osterlied,Wildermuth_Ottilie_Die_alte_Freundin_Das_Osterlied,1900,6970,1851,1900,6,38,20,64,"0,009182209469",
2472,gutenberg,Ottilie,Wildermuth,Deutschland,Ottilie Rooschüz,Ottilie Wildermuth,1817,1877,female,Die kleine John,Wildermuth_Ottilie_Die_alte_Freundin_Der_kleine_John,1900,8807,2625,1900,25,9,53,87,"0,009878505734",
2473,gutenberg,Ottilie,Wildermuth,Deutschland,Ottilie Rooschüz,Ottilie Wildermuth,1817,1877,female,Des Herrn Pfarrers Kuh,Wildermuth_Ottilie_Die_alte_Freundin_Des_Herrn_Pfarrers_Kuh,1900,6756,1696,1900,90,11,34,135,"0,01998223801",
2474,gutenberg,Ottilie,Wildermuth,Deutschland,Ottilie Rooschüz,Ottilie Wildermuth,1817,1877,female,Die alte Freundin,Wildermuth_Ottilie_Die_alte_Freundin_Die_alte_Freundin,1900,17162,3770,1900,32,71,101,204,"0,01188672649",
2475,gutenberg,Ottilie,Wildermuth,Deutschland,Ottilie Rooschüz,Ottilie Wildermuth,1817,1877,female,Die Kinder der Heide,Wildermuth_Ottilie_Die_alte_Freundin_Die_Kinder_der_Heide,1900,11523,2458,1900,29,33,67,129,"0,0111950013",
2476,gutenberg,Ottilie,Wildermuth,Deutschland,Ottilie Rooschüz,Ottilie Wildermuth,1817,1877,female,Es ging ein Engel durch das Haus,Wildermuth_Ottilie_Die_alte_Freundin_Es_ging_ein_Engel_durch_das_Haus,1900,7935,2110,1900,21,61,40,122,"0,01537492124",
2479,gutenberg,Sophie,Wörishöffer,Deutschland,Sophie Wörishöffer geb. Andresen,Sophie Wörishöffer,1838,1890,female,Das Naturforscherschiff,Woerishoeffer_Sophie_Das_Naturforscherschiff,1888,159073,20720,1888,3185,1563,2153,6901,"0,04338259793",
2480,gutenberg,Sophie,Wörishöffer,Deutschland,Sophie Wörishöffer geb. Andresen,Sophie Wörishöffer,1838,1890,female,Gerettet aus Sibirien,Woerishoeffer_Sophie_Gerettet_aus_Sibirien,1885,65887,10288,1885,673,147,545,1365,"0,02071728869",
2481,gutenberg,Sophie,Wörishöffer,Deutschland,Sophie Wörishöffer geb. Andresen,Sophie Wörishöffer,1838,1890,female,Onnen Visser - Der Schmugglersohn von Norderney,Woerishoeffer_Sophie_Onnen_Visser,1885,200652,20689,1885,1415,487,1341,3243,"0,01616231087",
2482,gutenberg,Sophie,Wörishöffer,Deutschland,Sophie Wörishöffer geb. Andresen,Sophie Wörishöffer,1838,1890,female,Robert des Schiffsjungen Fahrten und Abenteuer auf der deutschen Handels- und Kriegsflotte,Woerishoeffer_Sophie_Robert_des_Schiffsjungen_Fahrten,1877,218995,22722,1877,1763,755,1954,4472,"0,02042055755",
2483,gutenberg,Olga,Wohlbrück,Österreich/Deutschland,Olga Wendland,Olga Wohlbrück,1867,1933,female,Das kleine Glück,Wohlbrueck_Olga_Das_kleine_Glueck,1910,50391,7741,1910,89,61,51,201,"0,003988807525",
2484,gutenberg,Olga,Wohlbrück,Österreich/Deutschland,Olga Wendland,Olga Wohlbrück,1867,1933,female,Des Ratsherrn Leinius Tochter,Wohlbrueck_Olga_Des_Ratsherrn_Leinius_Tochter,1916,11047,2878,1916,18,14,27,59,"0,005340816511",
2485,gutenberg,Olga,Wohlbrück,Österreich/Deutschland,Olga Wendland,Olga Wohlbrück,1867,1933,female,Du sollst ein Mann sein,Wohlbrueck_Olga_Du_sollst_ein_Mann,1911,88780,11672,1911,146,87,107,340,"0,003829691372",
2500,textgrid,Franziska,zu Reventlow,Deutschland,"Fanny Gräfin zu Reventlow, Fanny Liane Wilhelmine Sophie Auguste Adrienne Gräfin zu Reventlow",Franziska zu Reventlow,1871,1918,female,Christus,zu_Reventlow_Franziska_Christus,1897,1891,761,1897,3,1,2,6,"0,003172924379",
2501,textgrid,Franziska,zu Reventlow,Deutschland,"Fanny Gräfin zu Reventlow, Fanny Liane Wilhelmine Sophie Auguste Adrienne Gräfin zu Reventlow",Franziska zu Reventlow,1871,1918,female,Das allerjüngste Gericht,zu_Reventlow_Franziska_Das_allerjuengste_Gericht,1897,1839,815,1897,2,0,2,4,"0,00217509516",
2502,textgrid,Franziska,zu Reventlow,Deutschland,"Fanny Gräfin zu Reventlow, Fanny Liane Wilhelmine Sophie Auguste Adrienne Gräfin zu Reventlow",Franziska zu Reventlow,1871,1918,female,Das feindselige Gepäck,zu_Reventlow_Franziska_Das_feindselige_Gepaeck,1917,1312,632,1917,1,0,7,8,"0,006097560976",
2503,textgrid,Franziska,zu Reventlow,Deutschland,"Fanny Gräfin zu Reventlow, Fanny Liane Wilhelmine Sophie Auguste Adrienne Gräfin zu Reventlow",Franziska zu Reventlow,1871,1918,female,Das gräfliche Milchgeschäft,zu_Reventlow_Franziska_Das_graefliche_Milchgeschaeft,1897,3302,1236,1897,10,0,5,15,"0,004542701393",
2504,textgrid,Franziska,zu Reventlow,Deutschland,"Fanny Gräfin zu Reventlow, Fanny Liane Wilhelmine Sophie Auguste Adrienne Gräfin zu Reventlow",Franziska zu Reventlow,1871,1918,female,Das Jüngste Gericht,zu_Reventlow_Franziska_Das_Juengste_Gericht,1897,2982,1221,1897,11,3,0,14,"0,004694835681",
2505,textgrid,Franziska,zu Reventlow,Deutschland,"Fanny Gräfin zu Reventlow, Fanny Liane Wilhelmine Sophie Auguste Adrienne Gräfin zu Reventlow",Franziska zu Reventlow,1871,1918,female,Das Logierhaus »Zur schwankenden Weltkugel«,zu_Reventlow_Franziska_Das_Logierhaus_Zur,1917,5998,1955,1917,53,5,27,85,"0,01417139046",
2506,textgrid,Franziska,zu Reventlow,Deutschland,"Fanny Gräfin zu Reventlow, Fanny Liane Wilhelmine Sophie Auguste Adrienne Gräfin zu Reventlow",Franziska zu Reventlow,1871,1918,female,Das polierte Männchen,zu_Reventlow_Franziska_Das_polierte_Maennchen,1917,4634,1375,1917,16,4,5,25,"0,005394907208",
2507,textgrid,Franziska,zu Reventlow,Deutschland,"Fanny Gräfin zu Reventlow, Fanny Liane Wilhelmine Sophie Auguste Adrienne Gräfin zu Reventlow",Franziska zu Reventlow,1871,1918,female,Der feine Dieb,zu_Reventlow_Franziska_Der_feine_Dieb,1917,1064,491,1917,0,0,3,3,"0,002819548872",
2508,textgrid,Franziska,zu Reventlow,Deutschland,"Fanny Gräfin zu Reventlow, Fanny Liane Wilhelmine Sophie Auguste Adrienne Gräfin zu Reventlow",Franziska zu Reventlow,1871,1918,female,Der Geldkomplex,zu_Reventlow_Franziska_Der_Geldkomplex,1916,24823,5027,1916,45,3,44,92,"0,00370624018",
2509,textgrid,Franziska,zu Reventlow,Deutschland,"Fanny Gräfin zu Reventlow, Fanny Liane Wilhelmine Sophie Auguste Adrienne Gräfin zu Reventlow",Franziska zu Reventlow,1871,1918,female,Der Herr Fischötter,zu_Reventlow_Franziska_Der_Herr_Fischoetter,1917,2483,961,1917,14,0,15,29,"0,01167942006",
2510,textgrid,Franziska,zu Reventlow,Deutschland,"Fanny Gräfin zu Reventlow, Fanny Liane Wilhelmine Sophie Auguste Adrienne Gräfin zu Reventlow",Franziska zu Reventlow,1871,1918,female,Der Selbstmordverein,zu_Reventlow_Franziska_Der_Selbstmordverein,< 1918,41046,6289,1918,54,17,15,86,"0,002095210252",
2511,textgrid,Franziska,zu Reventlow,Deutschland,"Fanny Gräfin zu Reventlow, Fanny Liane Wilhelmine Sophie Auguste Adrienne Gräfin zu Reventlow",Franziska zu Reventlow,1871,1918,female,Die Silberwanze,zu_Reventlow_Franziska_Die_Silberwanze,1917,1317,651,1917,13,0,3,16,"0,01214882308",
2512,textgrid,Franziska,zu Reventlow,Deutschland,"Fanny Gräfin zu Reventlow, Fanny Liane Wilhelmine Sophie Auguste Adrienne Gräfin zu Reventlow",Franziska zu Reventlow,1871,1918,female,Ein Bekenntnis,zu_Reventlow_Franziska_Ein_Bekenntnis,1894,2045,807,1894,1,4,26,31,"0,01515892421",
2513,textgrid,Franziska,zu Reventlow,Deutschland,"Fanny Gräfin zu Reventlow, Fanny Liane Wilhelmine Sophie Auguste Adrienne Gräfin zu Reventlow",Franziska zu Reventlow,1871,1918,female,Ellen Olestjerne,zu_Reventlow_Franziska_Ellen_Olestjerne,1903,61492,7919,1903,65,104,188,357,"0,005805633253",
2514,DTA,Franziska,zu Reventlow,Deutschland,"Fanny Gräfin zu Reventlow, Fanny Liane Wilhelmine Sophie Auguste Adrienne Gräfin zu Reventlow",Franziska zu Reventlow,1871,1918,female,Herrn Dames Aufzeichnungen,zu_Reventlow_Franziska_Herrn_Dames_Aufzeichnungen,1913,34542,5862,1913,40,16,36,92,"0,002663424237",
2515,textgrid,Franziska,zu Reventlow,Deutschland,"Fanny Gräfin zu Reventlow, Fanny Liane Wilhelmine Sophie Auguste Adrienne Gräfin zu Reventlow",Franziska zu Reventlow,1871,1918,female,Spiritismus,zu_Reventlow_Franziska_Spiritismus,1917,3350,1202,1917,7,0,1,8,"0,002388059701",
2516,textgrid,Franziska,zu Reventlow,Deutschland,"Fanny Gräfin zu Reventlow, Fanny Liane Wilhelmine Sophie Auguste Adrienne Gräfin zu Reventlow",Franziska zu Reventlow,1871,1918,female,Tot,zu_Reventlow_Franziska_Tot,1911,1465,593,1911,0,2,0,2,"0,001365187713",
2517,gutenberg,Franziska,zu Reventlow,Deutschland,"Fanny Gräfin zu Reventlow, Fanny Liane Wilhelmine Sophie Auguste Adrienne Gräfin zu Reventlow",Franziska zu Reventlow,1871,1918,female,Ultimo,zu_Reventlow_Franziska_Ultimo,1897,2128,803,1897,1,0,0,1,"0,000469924812",
2518,textgrid,Franziska,zu Reventlow,Deutschland,"Fanny Gräfin zu Reventlow, Fanny Liane Wilhelmine Sophie Auguste Adrienne Gräfin zu Reventlow",Franziska zu Reventlow,1871,1918,female,Vater,zu_Reventlow_Franziska_Vater,1896,1293,536,1896,4,0,3,7,"0,005413766435",
2519,textgrid,Franziska,zu Reventlow,Deutschland,"Fanny Gräfin zu Reventlow, Fanny Liane Wilhelmine Sophie Auguste Adrienne Gräfin zu Reventlow",Franziska zu Reventlow,1871,1918,female,Von Paul zu Pedro,zu_Reventlow_Franziska_Von_Paul_zu_Pedro,1912,21002,4180,1912,6,15,19,40,"0,001904580516",
2520,textgrid,Franziska,zu Reventlow,Deutschland,"Fanny Gräfin zu Reventlow, Fanny Liane Wilhelmine Sophie Auguste Adrienne Gräfin zu Reventlow",Franziska zu Reventlow,1871,1918,female,Wahnsinn,zu_Reventlow_Franziska_Wahnsinn,1896,1069,452,1896,4,7,4,15,"0,01403180543",
2521,textgrid,Franziska,zu Reventlow,Deutschland,"Fanny Gräfin zu Reventlow, Fanny Liane Wilhelmine Sophie Auguste Adrienne Gräfin zu Reventlow",Franziska zu Reventlow,1871,1918,female,Wir Spione,zu_Reventlow_Franziska_Wir_Spione,1917,1390,660,1917,0,0,7,7,"0,005035971223",
189,gutenberg,Ida,Boy-Ed,Deutschland,Ida Cornelia Ernestina Ed,Ida Boy-Ed,1852,1918,female,Empor!,Boy-Ed_Ida_Empor,1892,57924,9310,1892,44,44,91,179,"0,003090256198",
190,textgrid,Ida,Boy-Ed,Deutschland,Ida Cornelia Ernestina Ed,Ida Boy-Ed,1852,1918,female,Fanny Förster,Boy-Ed_Ida_Fanny_Foerster,1889,69873,11187,1889,64,155,239,458,"0,006554749331",
191,gutenberg,Ida,Boy-Ed,Deutschland,Ida Cornelia Ernestina Ed,Ida Boy-Ed,1852,1918,female,Um ein Weib,Boy-Ed_Ida_Um_ein_Weib,1909,83483,12571,1909,123,151,380,654,"0,007833930261",
192,textgrid,Ida,Boy-Ed,Deutschland,Ida Cornelia Ernestina Ed,Ida Boy-Ed,1852,1918,female,Vor der Ehe,Boy-Ed_Ida_Vor_der_Ehe,1915,79412,12014,1915,52,87,167,306,"0,003853321916",
193,gutenberg,Lily,Braun,Deutschland,"Amelia Jenny Emilie Klothilde Johanna von Kretschmann , Lily von Gizycki",Lily Braun,1865,1916,female,Die Liebesbriefe der Marquise,Braun_Lily_Die_Liebesbriefe_der_Marquise,1912,85708,13145,1912,472,116,222,810,"0,009450693051",
194,textgrid,Lily,Braun,Deutschland,"Amelia Jenny Emilie Klothilde Johanna von Kretschmann , Lily von Gizycki",Lily Braun,1865,1916,female,Lebenssucher,Braun_Lily_Lebenssucher,1915,115246,17003,1915,317,392,569,1278,"0,01108932197",
195,textgrid,Luise,Büchner,Deutschland,,Luise Büchner,1821,1877,female,Der kleine Vagabund,Buechner_Luise_Der_kleine_Vagabund,1877,10084,2742,1877,32,37,59,128,"0,01269337564",
196,textgrid,Luise,Büchner,Deutschland,,Luise Büchner,1821,1877,female,Der Matrose vom Alabama,Buechner_Luise_Der_Matrose_vom_Alabama,1878,5930,2050,1878,5,1,46,52,"0,008768971332",
197,textgrid,Luise,Büchner,Deutschland,,Luise Büchner,1821,1877,female,Die Fee von Argouges,Buechner_Luise_Die_Fee_von_Argouges,1878,2264,955,1878,9,15,22,46,"0,0203180212",
2453,gutenberg,Elisabeth,Werner,Deutschland,Elisabeth Werner,Elisabeth Bürstenbinder,1838,1918,female,Adlerflug,Buerstenbinder_Elisabeth_Adlerflug,1886,35610,5893,1886,66,39,200,305,"0,008565009829",
2454,gutenberg,Elisabeth,Werner,Deutschland,Elisabeth Werner,Elisabeth Bürstenbinder,1838,1918,female,Fata Morgana,Buerstenbinder_Elisabeth_Fata_Morgana,1895,121699,11964,1895,196,152,606,954,"0,007839012646",
2455,gutenberg,Elisabeth,Werner,Deutschland,Elisabeth Werner,Elisabeth Bürstenbinder,1838,1918,female,Glück auf!,Buerstenbinder_Elisabeth_Glueck_auf,1874,100938,10581,1874,89,85,234,408,"0,00404208524",
2456,gutenberg,Elisabeth,Werner,Deutschland,Elisabeth Werner,Elisabeth Bürstenbinder,1838,1918,female,Der höhere Standpunkt,Buerstenbinder_Elisabeth_Hexengold_und_andere_Erzaehlungen_Der_hoehere_Standpunkt,1900,12944,3000,1900,8,31,77,116,"0,008961681088",
2457,gutenberg,Elisabeth,Werner,Deutschland,Elisabeth Werner,Elisabeth Bürstenbinder,1838,1918,female,Der Lebensquell,Buerstenbinder_Elisabeth_Hexengold_und_andere_Erzaehlungen_Der_Lebensquell,1900,21230,4239,1900,22,50,181,253,"0,01191709845",
2458,gutenberg,Elisabeth,Werner,Deutschland,Elisabeth Werner,Elisabeth Bürstenbinder,1838,1918,female,Edelwild,Buerstenbinder_Elisabeth_Hexengold_und_andere_Erzaehlungen_Edelwild,1900,18840,3532,1900,17,6,88,111,"0,005891719745",
2459,gutenberg,Elisabeth,Werner,Deutschland,Elisabeth Werner,Elisabeth Bürstenbinder,1838,1918,female,Hexengold,Buerstenbinder_Elisabeth_Hexengold_und_andere_Erzaehlungen_Hexengold,1900,54240,7445,1900,40,58,157,255,"0,004701327434",
203,textgrid,Lena,Christ,Deutschland,Magdalena Pichler,Lena Christ,1881,1920,female,Der Dorfdummerl,Christ_Lena_Der_Dorfdummerl,1919,1439,652,1919,1,5,11,17,"0,01181375956",
204,textgrid,Lena,Christ,Deutschland,Magdalena Pichler,Lena Christ,1881,1920,female,Die Ostereier der Reiserbuben,Christ_Lena_Die_Ostereier_der_Reiserbuben,1919,1065,504,1919,5,5,6,16,"0,01502347418",
205,gutenberg,Lena,Christ,Deutschland,Magdalena Pichler,Lena Christ,1881,1920,female,Erinnerungen einer Überflüssigen,Christ_Lena_Erinnerungen_einer_Ueberfluessigen,1912,68568,10887,1912,158,125,126,409,"0,005964881577",
206,gutenberg,Lena,Christ,Deutschland,Magdalena Pichler,Lena Christ,1881,1920,female,Lausdirndlgeschichten,Christ_Lena_Lausdirndlgeschichten,1913,17327,2972,1913,78,79,35,192,"0,01108097189",
207,textgrid,Lena,Christ,Deutschland,Magdalena Pichler,Lena Christ,1881,1920,female,Madam Bäurin,Christ_Lena_Madam_Baeurin,1919,34729,6416,1919,142,81,83,306,"0,008811080077",
208,textgrid,Lena,Christ,Deutschland,Magdalena Pichler,Lena Christ,1881,1920,female,Mathias Bichler,Christ_Lena_Mathias_Bichler,1914,69335,11243,1914,260,193,327,780,"0,01124972957",
209,textgrid,Ada,Christen,Österreich,Christi(a)na von Breden,Ada Christen,1839,1901,female,Als er heimkehrte,Christen_Ada_Als_er_heimkehrte,1884,6529,1934,1884,31,15,10,56,"0,008577117476",
210,textgrid,Ada,Christen,Österreich,Christi(a)na von Breden,Ada Christen,1839,1901,female,Der einsame Spatz,Christen_Ada_Der_einsame_Spatz,1884,3722,1431,1884,29,9,12,50,"0,01343363783",
211,textgrid,Ada,Christen,Österreich,Christi(a)na von Breden,Ada Christen,1839,1901,female,Jungfer Mutter,Christen_Ada_Jungfer_Mutter,1892,39246,6326,1892,131,78,69,278,"0,007083524436",
212,textgrid,Ada,Christen,Österreich,Christi(a)na von Breden,Ada Christen,1839,1901,female,Käthes Federhut,Christen_Ada_Kaethes_Federhut,1876,3754,1190,1876,33,4,9,46,"0,01225359616",
213,textgrid,Ada,Christen,Österreich,Christi(a)na von Breden,Ada Christen,1839,1901,female,Nachbar Krippelmacher,Christen_Ada_Nachbar_Krippelmacher,1884,2934,1154,1884,10,10,8,28,"0,009543285617",
214,textgrid,Ada,Christen,Österreich,Christi(a)na von Breden,Ada Christen,1839,1901,female,Rahel,Christen_Ada_Rahel,1880,3149,1195,1880,7,23,29,59,"0,0187361067",
277,gutenberg,Marie Eugenie,delle Grazie,Österreich,Marie Eugenie Delle Grazie,Marie Eugenie delle Grazie,1864,1931,female,Das Buch der Liebe,delle_Grazie_Marie_Eugenie_Das_Buch_der_Liebe,1916,78712,10477,1916,135,318,240,693,"0,008804248399",
278,DTA,Juliane,Déry,Ungarn/Österreich/Deutschland,"Juliane Deutsch, Juliane Decsy",Juliane Déry,1864,1899,female,Selige Liebe,Dery_Juliane_Selige_Liebe,1892,3580,1392,1892,12,43,36,91,"0,02541899441",
279,gutenberg,Jenny,Dirnböck-Schulz,Tschechien,,Jenny Dirnböck-Schulz,1850,1918,female,Aus Mizi's Memoiren,Dirnboeck-Schulz_Jenny_Aus_Mizis_Memoiren,1895,1726,743,1895,9,17,19,45,"0,02607184241",
280,textgrid,Hedwig,Dohm,Deutschland,Marianne Adelaide Hedwig Dohm,Hedwig Dohm,1831,1919,female,Christa Ruland,Dohm_Hedwig_Christa_Ruland,1902,63386,11897,1902,228,212,261,701,"0,01105922443",
281,textgrid,Hedwig,Dohm,Deutschland,Marianne Adelaide Hedwig Dohm,Hedwig Dohm,1831,1919,female,Schicksale einer Seele,Dohm_Hedwig_Schicksale_einer_Seele,1899,87428,14299,1899,283,453,427,1163,"0,01330237453",
282,textgrid,Hedwig,Dohm,Deutschland,Marianne Adelaide Hedwig Dohm,Hedwig Dohm,1831,1919,female,Sibilla Dalmar,Dohm_Hedwig_Sibilla_Dalmar,1896,80391,13568,1896,208,304,311,823,"0,01023746439",
283,textgrid,Hedwig,Dohm,Deutschland,Marianne Adelaide Hedwig Dohm,Hedwig Dohm,1831,1919,female,"Werde, die Du bist!",Dohm_Hedwig_Werde,1894,20012,4596,1894,59,138,166,363,"0,01813911653",
284,textgrid,Hedwig,Dohm,Deutschland,Marianne Adelaide Hedwig Dohm,Hedwig Dohm,1831,1919,female,Wie Frauen werden,Dohm_Hedwig_Wie_Frauen_werden,1894,31441,6628,1894,69,82,73,224,"0,007124455329",
290,textgrid,Dora,Duncker,Deutschland,Dorothea Livia Felicia Maria Duncker,Dora Duncker,1855,1916,female,Für ihr Kind,Duncker_Dora_Fuer_ihr_Kind,1897,10946,3064,1897,8,6,18,32,"0,002923442353",
291,textgrid,Dora,Duncker,Deutschland,Dorothea Livia Felicia Maria Duncker,Dora Duncker,1855,1916,female,Großstadt,Duncker_Dora_Grossstadt,1900,71654,9819,1900,54,116,115,285,"0,003977447177",
292,textgrid,Dora,Duncker,Deutschland,Dorothea Livia Felicia Maria Duncker,Dora Duncker,1855,1916,female,Gundula,Duncker_Dora_Gundula,1907,16493,3988,1907,17,53,85,155,"0,009397926393",
293,textgrid,Dora,Duncker,Deutschland,Dorothea Livia Felicia Maria Duncker,Dora Duncker,1855,1916,female,Jugend,Duncker_Dora_Jugend,1907,7428,2278,1907,6,18,52,76,"0,01023155627",
294,gutenberg,Dora,Duncker,Deutschland,Dorothea Livia Felicia Maria Duncker,Dora Duncker,1855,1916,female,Marquise von Pompadour,Duncker_Dora_Marquise_von_Pompadour,1913,74531,11870,1913,94,133,195,422,"0,0056620735",
295,textgrid,Dora,Duncker,Deutschland,Dorothea Livia Felicia Maria Duncker,Dora Duncker,1855,1916,female,Mütter,Duncker_Dora_Muetter,1897,12002,2752,1897,6,17,42,65,"0,005415764039",
296,textgrid,Dora,Duncker,Deutschland,Dorothea Livia Felicia Maria Duncker,Dora Duncker,1855,1916,female,Seine Letzte,Duncker_Dora_Seine_Letzte,1907,12074,2837,1907,19,29,44,92,"0,007619678648",
297,textgrid,Dora,Duncker,Deutschland,Dorothea Livia Felicia Maria Duncker,Dora Duncker,1855,1916,female,Sturm,Duncker_Dora_Sturm,1897,10414,2704,1897,7,17,103,127,"0,01219512195",
298,textgrid,Dora,Duncker,Deutschland,Dorothea Livia Felicia Maria Duncker,Dora Duncker,1855,1916,female,Unüberwindlich,Duncker_Dora_Unueberwindlich,1907,10325,2578,1907,11,5,19,35,"0,003389830508",
528,textgrid,Ilse,Frapan,Deutschland,"Elise Therese Levien, Ilse Frapan-Akunian",Ilse Frapan,1849,1908,female,Altmodische Leute,Frapan_Ilse_Altmodische_Leute,1890,11111,3064,1890,34,48,30,112,"0,0100801008",
529,textgrid,Ilse,Frapan,Deutschland,"Elise Therese Levien, Ilse Frapan-Akunian",Ilse Frapan,1849,1908,female,Arbeit,Frapan_Ilse_Arbeit,1903,75530,11878,1903,164,257,223,644,"0,008526413346",
530,DTA,Ilse,Frapan,Deutschland,"Elise Therese Levien, Ilse Frapan-Akunian",Ilse Frapan,1849,1908,female,Bittersüß,Frapan_Ilse_Bittersuess,1891,51114,8422,1891,149,160,173,482,"0,009429901788",
531,textgrid,Ilse,Frapan,Deutschland,"Elise Therese Levien, Ilse Frapan-Akunian",Ilse Frapan,1849,1908,female,Das Brosämle,Frapan_Ilse_Das_Brosaemle,1890,2101,880,1890,5,5,1,11,"0,005235602094",
532,textgrid,Ilse,Frapan,Deutschland,"Elise Therese Levien, Ilse Frapan-Akunian",Ilse Frapan,1849,1908,female,Der Erste,Frapan_Ilse_Der_Erste,1890,1717,755,1890,3,3,4,10,"0,005824111823",
533,textgrid,Ilse,Frapan,Deutschland,"Elise Therese Levien, Ilse Frapan-Akunian",Ilse Frapan,1849,1908,female,Die Last,Frapan_Ilse_Die_Last,1887,17001,4232,1887,30,37,58,125,"0,007352508676",
534,textgrid,Ilse,Frapan,Deutschland,"Elise Therese Levien, Ilse Frapan-Akunian",Ilse Frapan,1849,1908,female,Die Liebe ist gerettet,Frapan_Ilse_Die_Liebe_ist_gerettet,1890,1998,839,1890,0,1,1,2,"0,001001001001",
535,DTA,Ilse,Frapan,Deutschland,"Elise Therese Levien, Ilse Frapan-Akunian",Ilse Frapan,1849,1908,female,Der erste Blick hinter die Coulissen,Frapan_Ilse_Fluegel_auf_Der_erste_Blick_hinter_die_Coulissen,1895,19881,4552,1895,35,50,25,110,"0,005532920879",
536,DTA,Ilse,Frapan,Deutschland,"Elise Therese Levien, Ilse Frapan-Akunian",Ilse Frapan,1849,1908,female,Liebesmühen,Frapan_Ilse_Fluegel_auf_Liebesmuehen,1895,23332,5293,1895,62,63,75,200,"0,008571918395",
537,DTA,Ilse,Frapan,Deutschland,"Elise Therese Levien, Ilse Frapan-Akunian",Ilse Frapan,1849,1908,female,Symbiose,Frapan_Ilse_Fluegel_auf_Symbiose,1895,15017,3444,1895,20,32,11,63,"0,004195245389",
538,DTA,Ilse,Frapan,Deutschland,"Elise Therese Levien, Ilse Frapan-Akunian",Ilse Frapan,1849,1908,female,Weiße Flamme,Frapan_Ilse_Fluegel_auf_Weisse_Flamme,1895,15385,3991,1895,28,61,31,120,"0,007799805005",
539,textgrid,Ilse,Frapan,Deutschland,"Elise Therese Levien, Ilse Frapan-Akunian",Ilse Frapan,1849,1908,female,»Thedche Bolzen«,Frapan_Ilse_Thedche_Bolzen,1890,4832,1608,1890,9,16,3,28,"0,005794701987",
540,textgrid,Ilse,Frapan,Deutschland,"Elise Therese Levien, Ilse Frapan-Akunian",Ilse Frapan,1849,1908,female,»Uns' Ida«,Frapan_Ilse_Uns_Ida,1890,4088,1383,1890,27,7,12,46,"0,01125244618",
541,textgrid,Ilse,Frapan,Deutschland,"Elise Therese Levien, Ilse Frapan-Akunian",Ilse Frapan,1849,1908,female,Von der Straße,Frapan_Ilse_Von_der_Strasse,1890,1558,705,1890,10,1,7,18,"0,01155327343",
542,gutenberg,Ilse,Frapan,Deutschland,"Elise Therese Levien, Ilse Frapan-Akunian",Ilse Frapan,1849,1908,female,Ameise,Frapan_Ilse_Was_der_Alltag_dichtet_Ameise,1899,7205,2346,1899,52,4,14,70,"0,009715475364",
543,gutenberg,Ilse,Frapan,Deutschland,"Elise Therese Levien, Ilse Frapan-Akunian",Ilse Frapan,1849,1908,female,Der alte Prediger,Frapan_Ilse_Was_der_Alltag_dichtet_Der_alte_Prediger,1899,4218,1448,1899,4,8,19,31,"0,007349454718",
544,gutenberg,Ilse,Frapan,Deutschland,"Elise Therese Levien, Ilse Frapan-Akunian",Ilse Frapan,1849,1908,female,Der Sitter,Frapan_Ilse_Was_der_Alltag_dichtet_Der_Sitter,1899,22814,5324,1899,290,63,69,422,"0,01849741387",
545,gutenberg,Ilse,Frapan,Deutschland,"Elise Therese Levien, Ilse Frapan-Akunian",Ilse Frapan,1849,1908,female,Dort oben,Frapan_Ilse_Was_der_Alltag_dichtet_Dort_oben,1899,10574,2395,1899,19,41,21,81,"0,007660298846",
546,gutenberg,Ilse,Frapan,Deutschland,"Elise Therese Levien, Ilse Frapan-Akunian",Ilse Frapan,1849,1908,female,Emerenz,Frapan_Ilse_Was_der_Alltag_dichtet_Emerenz,1899,6366,2025,1899,18,17,7,42,"0,006597549482",
547,gutenberg,Ilse,Frapan,Deutschland,"Elise Therese Levien, Ilse Frapan-Akunian",Ilse Frapan,1849,1908,female,Lütten,Frapan_Ilse_Was_der_Alltag_dichtet_Luetten,1899,5979,1888,1899,20,19,25,64,"0,01070413113",
548,gutenberg,Ilse,Frapan,Deutschland,"Elise Therese Levien, Ilse Frapan-Akunian",Ilse Frapan,1849,1908,female,Onkel Johnny,Frapan_Ilse_Was_der_Alltag_dichtet_Onkel_Johnny,1899,19440,4131,1899,51,69,52,172,"0,008847736626",
549,textgrid,Ilse,Frapan,Deutschland,"Elise Therese Levien, Ilse Frapan-Akunian",Ilse Frapan,1849,1908,female,Wir Frauen haben kein Vaterland,Frapan_Ilse_Wir_Frauen,1899,24156,5435,1899,72,82,61,215,"0,008900480212",
649,gutenberg,Elisabeth,Goedicke,Deutschland,Else Goedicke,Elisabeth Goedicke,1873,1943,female,Jens Larsen,Goedicke_Elisabeth_Jens_Larsen,1907,46317,5503,1907,67,39,205,311,"0,006714597232",
703,gutenberg,Auguste,Groner,Österreich,,Auguste Groner,1850,1929,female,Der rote Merkur,Groner_Auguste_Der_rote_Merkur,1910-1912,49672,6972,1910,27,46,89,162,"0,00326139475",
704,gutenberg,Auguste,Groner,Österreich,,Auguste Groner,1850,1929,female,Warenhaus Groß & Comp.,Groner_Auguste_Warenhaus_Gross_&_Comp,1907,71818,9544,1907,228,89,91,408,"0,005681027041",
729,gutenberg,Agnes,Günther,Deutschland,Agnes Breuning,Agnes Günther,1863,1911,female,Die Heilige und ihr Narr,Guenther_Agnes_Die_Heilige,1913,223793,19234,1913,597,1685,930,3212,"0,01435254901",
748,gutenberg,Agnes,Harder,Deutschland,,Agnes Harder,1864,1939,female,Schlumski,Harder_Agnes_Schlumski,1916,33479,5157,1916,540,132,100,772,"0,02305923116",
797,gutenberg,Wilhelmine,Heimburg,Deutschland,Emilie Wilhelmine Bertha Behrens,Wilhelmine Heimburg,1848,1912,female,Alte Liebe,Heimburg_Wilhelmine_Alte_Liebe_und_anderes_Alte_Liebe,1904,5380,1604,1904,4,4,9,17,"0,003159851301",
798,gutenberg,Wilhelmine,Heimburg,Deutschland,Emilie Wilhelmine Bertha Behrens,Wilhelmine Heimburg,1848,1912,female,Großmutters Kathrin,Heimburg_Wilhelmine_Alte_Liebe_und_anderes_Grossmutters_Kathrin,1904,10331,2851,1904,27,14,37,78,"0,007550091956",
799,gutenberg,Wilhelmine,Heimburg,Deutschland,Emilie Wilhelmine Bertha Behrens,Wilhelmine Heimburg,1848,1912,female,Hilgendorf,Heimburg_Wilhelmine_Alte_Liebe_und_anderes_Hilgendorf,1904,10166,2718,1904,13,31,43,87,"0,008557938225",
800,gutenberg,Wilhelmine,Heimburg,Deutschland,Emilie Wilhelmine Bertha Behrens,Wilhelmine Heimburg,1848,1912,female,In Erinnerung,Heimburg_Wilhelmine_Alte_Liebe_und_anderes_In_Erinnerung,1904,12889,3228,1904,5,38,43,86,"0,006672356273",
801,gutenberg,Wilhelmine,Heimburg,Deutschland,Emilie Wilhelmine Bertha Behrens,Wilhelmine Heimburg,1848,1912,female,Korl Lorensen,Heimburg_Wilhelmine_Alte_Liebe_und_anderes_Korl_Lorensen,1904,10843,3094,1904,23,17,25,65,"0,005994650927",
802,gutenberg,Wilhelmine,Heimburg,Deutschland,Emilie Wilhelmine Bertha Behrens,Wilhelmine Heimburg,1848,1912,female,Maiblumen,Heimburg_Wilhelmine_Alte_Liebe_und_anderes_Maiblumen,1904,5751,1921,1904,12,54,26,92,"0,01599721788",
803,gutenberg,Wilhelmine,Heimburg,Deutschland,Emilie Wilhelmine Bertha Behrens,Wilhelmine Heimburg,1848,1912,female,Originale,Heimburg_Wilhelmine_Alte_Liebe_und_anderes_Originale,1904,14982,4352,1904,53,78,62,193,"0,01288212522",
804,gutenberg,Wilhelmine,Heimburg,Deutschland,Emilie Wilhelmine Bertha Behrens,Wilhelmine Heimburg,1848,1912,female,Aus dem Leben meiner alten Freundin,Heimburg_Wilhelmine_Aus_dem_Leben_meiner_alten_Freundin,1878,82520,9427,1878,107,185,205,497,"0,006022782356",
805,gutenberg,Wilhelmine,Heimburg,Deutschland,Emilie Wilhelmine Bertha Behrens,Wilhelmine Heimburg,1848,1912,female,Trudchens Heirat,Heimburg_Wilhelmine_Trudchens_Heirat,1894/1896,51848,8028,1894,95,190,162,447,"0,008621354729",
864,gutenberg,Jenny,Hirsch,Deutschland,,Jenny Hirsch,1829,1902,female,Ein seltsamer Fall,Hirsch_Jenny_Ein_seltsamer_Fall,1876,25428,5021,1876,17,18,39,74,"0,002910177757",
1388,gutenberg,Marie,Hirsch,Deutschland,Adalbert Meinhardt,Marie Hirsch,1848,1911,female,Auf dem Heilwigshof,Hirsch_Marie_Auf_dem_Heilwigshof,1890,14621,3481,1890,29,49,60,138,"0,0094384789",
1673,gutenberg,Felicitas,Rose,Deutschland,"Felicitas Rose Moersberger, geb. Rose Felicitas Schliewen",Felicitas Rose,1862,1938,female,Provinzmädel,Rose_Felicitas_Provinzmaedel,1902-1904,35974,6445,1902,69,47,74,190,"0,005281592261",
1726,gutenberg,Agnes,Sapper,Deutschland,Agnes Brater,Agnes Sapper,1852,1929,female,Das kleine Dummerle,Sapper_Agnes_Das_kleine_Dummerle_Das_kleine_Dummerle,1901,7623,1713,1901,12,3,9,24,"0,003148366785",
1727,gutenberg,Agnes,Sapper,Deutschland,Agnes Brater,Agnes Sapper,1852,1929,female,Das Mooserl,Sapper_Agnes_Das_kleine_Dummerle_Das_Mooserl,1901,1828,674,1901,1,27,17,45,"0,02461706783",
1728,gutenberg,Agnes,Sapper,Deutschland,Agnes Brater,Agnes Sapper,1852,1929,female,Die Feuerschau,Sapper_Agnes_Das_kleine_Dummerle_Die_Feuerschau,1901,1457,524,1901,0,0,0,0,0,
1729,gutenberg,Agnes,Sapper,Deutschland,Agnes Brater,Agnes Sapper,1852,1929,female,Ein geplagter Mann,Sapper_Agnes_Das_kleine_Dummerle_Ein_geplagter_Mann,1901,6669,1695,1901,11,20,13,44,"0,006597690808",
806,gutenberg,Anselma,Heine,Deutschland,"Selma Tony Feodore Heine, Anselm Heine, Feodor Helm",Anselma Heine,1855,1930,female,Die Erscheinung,Heine_Anselma_Die_Erscheinung,1912,9873,2859,1912,16,7,41,64,"0,006482325534",
807,gutenberg,Anselma,Heine,Deutschland,"Selma Tony Feodore Heine, Anselm Heine, Feodor Helm",Anselma Heine,1855,1930,female,Die verborgene Schrift,Heine_Anselma_Die_verborgene_Schrift,1918,151770,20975,1918,501,408,745,1654,"0,01089806945",
1386,gutenberg,Emerenz,Meier,Deutschland,,Emerenz Meier,1874,1928,female,Der Juhschroa,Meier_Emerenz_Der_Juhschroa,1893/1894,3618,1429,1893,7,14,6,27,"0,007462686567",
1387,gutenberg,Emerenz,Meier,Deutschland,,Emerenz Meier,1874,1928,female,Die Madlhüttler,Meier_Emerenz_Die_Madlhuettler,1897,3970,1561,1897,5,8,30,43,"0,01083123426",
1889,DTA,Ossip,Schubin,Tschechien,Aloisia (Lola) Kirschner,Ossip Schubin,1854,1934,female,Etiquette,Schubin_Ossip_Etiquette,1887,13992,4071,1887,33,46,48,127,"0,009076615209",
1890,gutenberg,Ossip,Schubin,Tschechien,Aloisia (Lola) Kirschner,Ossip Schubin,1854,1934,female,Im gewohnten Geleis,Schubin_Ossip_Im_gewohnten_Geleis,1904,75485,12017,1904,146,276,242,664,"0,008796449626",
1891,gutenberg,Ossip,Schubin,Tschechien,Aloisia (Lola) Kirschner,Ossip Schubin,1854,1934,female,Marška,Schubin_Ossip_Marska,1902,28091,5497,1902,112,211,201,524,"0,01865366132",
1892,gutenberg,Ossip,Schubin,Tschechien,Aloisia (Lola) Kirschner,Ossip Schubin,1854,1934,female,Maximum,Schubin_Ossip_Maximum,1896,61731,10443,1896,105,210,211,526,"0,008520840421",
1893,gutenberg,Ossip,Schubin,Tschechien,Aloisia (Lola) Kirschner,Ossip Schubin,1854,1934,female,Peterl,Schubin_Ossip_Peterl,1902,23685,5082,1902,248,105,103,456,"0,01925269158",
1894,gutenberg,Ossip,Schubin,Tschechien,Aloisia (Lola) Kirschner,Ossip Schubin,1854,1934,female,Schatten,Schubin_Ossip_Schatten,1906,29485,6183,1906,52,106,71,229,"0,007766661014",
1895,gutenberg,Ossip,Schubin,Tschechien,Aloisia (Lola) Kirschner,Ossip Schubin,1854,1934,female,Toter Frühling,Schubin_Ossip_Toter_Fruehling,1893,69690,11549,1893,97,170,196,463,"0,006643707849",
1896,DTA,Ossip,Schubin,Tschechien,Aloisia (Lola) Kirschner,Ossip Schubin,1854,1934,female,Vollmondzauber,Schubin_Ossip_Vollmondzauber,1899,57297,9804,1899,119,265,230,614,"0,01071609334",
,,,,,,,,,,,,,,,,32707,30962,42911,106580,,